Workbook

Sheet نموذج (3)
A1: الاسم | B1: تاريخ الميلاد | C1: الرقم القومي | D1: رقم الجواز | E1: المنفذ | F1: جهة السفر | G1: شركة الطيران | H1: تاريخ المغادرة | I1: ميعاد المغادرة | J1: الوكيل | K1: مورد الاستثمار | L1: ملاحظات | M1: نوع الخدمه | N1: ملاحظات | O1: ملاحظات | P1: ملاحظات | Q1: مدين دولار | R1: دائن دولار | S1: مدين مصري | T1: دائن مصري
EM110: =EM110 -> 0

Sheet نموذج (2)
A1: الاسم | B1: تاريخ الميلاد | C1: الرقم القومي | D1: رقم الجواز | E1: المنفذ | F1: جهة السفر | G1: شركة الطيران | H1: تاريخ المغادرة | I1: ميعاد المغادرة | J1: الوكيل | K1: مورد الاستثمار | L1: ملاحظات | M1: نوع الخدمه | N1: ملاحظات | O1: ملاحظات | P1: ملاحظات | Q1: مدين دولار | R1: دائن دولار | S1: مدين مصري | T1: دائن مصري
AL359: 22200
HL697: =#REF! -> #REF!
HH1016: =HH1016 -> 0

Sheet الرئيسيه
B1: اجمالى حسابات العمالة المصرية طيران و بري
A2: م | B2: اسم الوكيل | C2: اجمالي المديونيه $ | D2: اجمالي المديونيه EGP
A3: 1 | B3: المليجي | C3: =المليجي!J720 -> 0 | D3: =المليجي!J721 -> 10894 | E3: =D3/45200 -> 0.2410177
A4: 2 | B4: ضياء الجملي | C4: ='ضياء الجملي'!J851 -> 0 | D4: ='ضياء الجملي'!J852 -> -775650 | E4: =D4/45200 -> -17.160398
A5: 3 | B5: حمدي الجازوي | C5: ='حمدي الجازوي'!J1366 -> 0 | D5: ='حمدي الجازوي'!J1367 -> -315953 | E5: =D5/45200 -> -6.9901106
A6: 4 | B6: صابر | C6: =SUM(منصور!H794) -> 0 | D6: =SUM(صابر!J549) -> -1171900 | E6: =D6/45200 -> -25.926991
A7: 5 | B7: هاي لايت | C7: =SUM('شركه هاي لايتس'!J20) -> 0 | D7: =SUM('شركه هاي لايتس'!J21) -> 0 | E7: =D7/45200 -> 0
A8: 6 | B8: لاكي | C8: =SUM(لاكي!J11) -> 1700 | D8: =SUM('شركه هاي لايتس'!J21) -> 0 | E8: =D8/45200 -> 0
A9: 7 | B9: ابو رحمة | C9: ='أبو رحمه'!J276 -> 0 | D9: ='أبو رحمه'!J277 -> -154901 | E9: =D9/45200 -> -3.4270133
A10: 8 | B10: ابو عطيه | C10: ='أبو عطيه'!J1231 -> 0 | D10: ='أبو عطيه'!J1232 -> 451271 | E10: =D10/45200 -> 9.9838717
A11: 9 | B11: م رضا | C11: ='م رضا '!J590 -> 0 | D11: ='م رضا '!J591 -> 53906 | E11: =D11/45200 -> 1.1926106
A12: 10 | B12: عبد الرحمن زاهر | C12: ='عبدالرحمن زاهر'!J657 -> 0 | D12: ='عبدالرحمن زاهر'!J658 -> -261950 | E12: =D12/45200 -> -5.795354
A13: 11 | B13: تامر عفيفي | C13: ='تامر عفيفي'!J166 -> 0 | D13: ='تامر عفيفي'!J167 -> 159721.5 | E13: =D13/45200 -> 3.5336615
A14: 12 | B14: الحاج كارم | C14: ='الحاج كارم'!J336 -> 0 | D14: ='الحاج كارم'!J337 -> -38433 | E14: =D14/45200 -> -0.85028761
A15: 13 | B15: محمد عبد الله (المميز) | C15: ='محمد عبدالله'!J357 -> 0 | D15: ='محمد عبدالله'!J358 -> -336810 | E15: =D15/45200 -> -7.4515487
A16: 14 | B16: سعفان رافع | C16: ='سعفان رافع'!J683 -> -740 | D16: ='سعفان رافع'!J684 -> 232878 | E16: =D16/45200 -> 5.1521681
A17: 15 | B17: عبد الرحمن الليبية | C17: ='عبدالرحمن الليبيه'!J300 -> 0 | D17: ='عبدالرحمن الليبيه'!J301 -> -166754 | E17: =D17/45200 -> -3.6892478
A18: 16 | B18: جادو | C18: =جادو!J223 -> -800 | D18: =جادو!J224 -> -29458 | E18: =D18/45200 -> -0.65172566
A19: 17 | B19: خالد الزعيم | C19: ='خالد الزعيم'!J233 -> 0 | D19: ='خالد الزعيم'!J234 -> -7917 | E19: =D19/45200 -> -0.17515487
A20: 18 | B20: الحاج بدر | C20: ='الحاج بدر'!J249 -> -375 | D20: ='الحاج بدر'!J250 -> -105453 | E20: =D20/45200 -> -2.333031
A21: 19 | B21: ناجي العربي | C21: ='ناجي العربي'!J881 -> 0 | D21: ='ناجي العربي'!J882 -> -207580 | E21: =D21/45200 -> -4.5924779
A22: 20 | B22: عادل نصار | C22: ='عادل نصار'!J83 -> -750 | D22: ='عادل نصار'!J84 -> -37 | E22: =D22/45200 -> -0.00081858407
A23: 21 | B23: الحاج مجدي | C23: =SUM('الحاج مجدي'!J115) -> 0 | D23: =SUM('الحاج مجدي'!J116) -> -8875 | E23: =D23/45200 -> -0.19634956
A24: 22 | B24: الزاجل | C24: =الزاجل!J11 -> 0 | D24: =الزاجل!J12 -> -86300 | E24: =D24/45200 -> -1.909292
A25: 23 | B25: محمد صبحي | C25: ='فلاي ليبيا'!J113 -> 0 | D25: ='فلاي ليبيا'!J114 -> 0 | E25: =D25/45200 -> 0
A26: 24 | B26: السويسي | C26: =السويسي!J506 -> 0 | D26: =السويسي!J507 -> 561125 | E26: =D26/45200 -> 12.41427
A27: 25 | B27: ايزي ترافيل | C27: ='ايزي ترافيل'!J38 -> 113825 | D27: ='ايزي ترافيل'!J39 -> -249232 | E27: =D27/45200 -> -5.5139823
A28: 26 | B28: شركة العنوان (اعمار ليبيا) | C28: =العنوان!J19 -> 0 | D28: =العنوان!J20 -> -41985 | E28: =D28/45200 -> -0.92887168
A29: 27 | B29: البشاير | C29: =البشائر!J72 -> 0 | D29: =البشائر!J73 -> -37899 | E29: =D29/45200 -> -0.83847345
A30: 28 | B30: وائل العبدلي | C30: ='وائل العبدلي'!J43 -> 125 | D30: ='وائل العبدلي'!J44 -> 86850 | E30: =D30/45200 -> 1.9214602
A31: 29 | B31: ريهام | C31: =ريهام!J53 -> 0 | D31: =ريهام!J54 -> 24000 | E31: =D31/45200 -> 0.53097345
A32: 30 | B32: تايجر | C32: =SUM(تايجر!J39) -> 0 | D32: =SUM(تايجر!J38,تايجر!J40) -> 0 | E32: =D32/45200 -> 0
A33: 31 | B33: الحاجه عفاف | C33: =عفاف!J277 -> 0 | D33: =عفاف!J278 -> -49552 | E33: =D33/45200 -> -1.0962832
A34: 32 | B34: ايمن حامد | C34: ='ايمن حامد'!J62 -> 0 | D34: ='ايمن حامد'!J63 -> -200 | E34: =D34/45200 -> -0.0044247788
A35: 33 | B35: كابلات مصر | C35: ='كابلات مصر'!J11 -> 0 | D35: ='كابلات مصر'!J12 -> -21000 | E35: =D35/45200 -> -0.46460177
A36: 34 | B36: مزار مصر | C36: ='مزار مصر'!J393 -> 0 | D36: ='مزار مصر'!J394 -> 56551 | E36: =D36/45200 -> 1.2511283
A37: 35 | B37: عبدالحليم رشوان | C37: =SUM('عبد الحليم رشوان'!J11) -> 0 | D37: =SUM('عبد الحليم رشوان'!J12) -> 0 | E37: =D37/45200 -> 0
A38: 36 | B38: الصياد | C38: =الصياد!J21 -> 625 | D38: =الصياد!J22 -> -3675 | E38: =D38/45200 -> -0.08130531
A39: 37 | B39: غيث يامن | C39: ='غيث يامن'!J61 -> 0 | D39: ='غيث يامن'!J62 -> 166 | E39: =D39/45200 -> 0.0036725664
A40: 38 | B40: حسام حلمي | C40: ='حسام حلمي'!J11 -> 0 | D40: ='حسام حلمي'!J12 -> 0 | E40: =D40/45200 -> 0
A41: 39 | B41: ياسر حسني | C41: ='ياسر حسني'!J48 -> 0 | D41: ='ياسر حسني'!J49 -> -4200 | E41: =D41/45200 -> -0.092920354
A42: 40 | B42: محمد يوسف | C42: ='محمد يوسف'!J18 -> 0 | D42: ='محمد يوسف'!J19 -> -2205 | E42: =D42/45200 -> -0.048783186
A43: 41 | B43: رافت سلطان | C43: ='رافت سلطان'!J133 -> 0 | D43: ='رافت سلطان'!J134 -> -3710 | E43: =D43/45200 -> -0.082079646
A44: 42 | B44: افاق | C44: =افاق!J75 -> 0 | D44: =افاق!J76 -> 0 | E44: =D44/45200 -> 0
A45: 43 | B45: شريف ريحان | C45: ='شريف ريحان'!J11 -> 0 | D45: ='شريف ريحان'!J12 -> -222 | E45: =D45/45200 -> -0.0049115044
A46: 44 | B46: الحمد (مصعب) | C46: =مصعب!J11 -> 0 | D46: =مصعب!J12 -> 0 | E46: =D46/45200 -> 0
A47: 45 | B47: عمروصادق | C47: ='عمرو صادق'!J35 -> 0 | D47: ='عمرو صادق'!J36 -> 27200 | E47: =D47/45200 -> 0.60176991
A48: 46 | B48: احمد مجدي | C48: ='احمد مجدي'!J78 -> 0 | D48: ='احمد مجدي'!J79 -> 0 | E48: =D48/45200 -> 0
A49: 47 | B49: اكرم المنقوش | C49: ='اكرم المنقوش'!J31 -> 0 | D49: ='اكرم المنقوش'!J32 -> 69975 | E49: =D49/45200 -> 1.5481195
A50: 48 | B50: علي البهلول | C50: =البهلول!J142 -> 0 | D50: =البهلول!J143 -> -156915 | E50: =D50/45200 -> -3.4715708
A51: 49 | B51: منصور | C51: =منصور!H794 -> 0 | D51: =منصور!H795 -> 40943 | E51: =D51/45200 -> 0.90581858
A52: 50 | B52: فاطمة الجازوي | C52: ='فاطمه الجازوي'!J276 -> 0 | D52: ='فاطمه الجازوي'!J277 -> 3981 | E52: =D52/45200 -> 0.088075221
A53: 51 | B53: سيد القذافي | C53: ='سيد القذافي'!J11 -> 0 | D53: ='سيد القذافي'!J12 -> 0 | E53: =D53/45200 -> 0
A54: 52 | B54: رحاليستا | C54: =رحليستا!J257 -> 0 | D54: =رحليستا!J258 -> 0 | E54: =D54/45200 -> 0
A55: 53 | B55: احمد الصعيدي | C55: ='احمد الصعيدي'!J157 -> 0 | D55: ='احمد الصعيدي'!J158 -> 71346 | E55: =D55/45200 -> 1.5784513
A56: 54 | B56: خالد نجيب | C56: ='خالد نجيب'!J224 -> 0 | D56: ='خالد نجيب'!J225 -> 0 | E56: =D56/45200 -> 0
A57: 55 | B57: الحاج رافع | C57: ='الحاج رافع'!J394 -> 750 | D57: ='الحاج رافع'!J395 -> 1903640 | E57: =D57/45200 -> 42.115929
A58: 56 | B58: اشرف شيحه | C58: ='اشرف شيحه'!J414 -> 0 | D58: ='اشرف شيحه'!J415 -> 1857600 | E58: =D58/45200 -> 41.097345
A59: 57 | B59: هاليبرتون 2 | C59: =SUM('هاليبرتون (2)'!J67) -> 0 | D59: =SUM('هاليبرتون (2)'!J68) -> -22000 | E59: =D59/45200 -> -0.48672566
A60: 58 | B60: نيو ايدج | C60: ='نيو ايدج'!J123 -> -51 | D60: ='نيو ايدج'!J124 -> 0 | E60: =D60/45200 -> 0
A61: 59 | B61: احمد غزي | C61: ='احمد غزي'!J84 -> 0 | D61: ='احمد غزي'!J85 -> 0 | E61: =D61/45200 -> 0
A62: 60 | B62: مصطفي ياسين | C62: ='مصطفى ياسين'!J92 -> 24320 | D62: ='مصطفى ياسين'!J93 -> 22200 | E62: =D62/45200 -> 0.49115044
A63: 61 | B63: هاني ماستر | C63: ='هاني ماستر'!J11 -> 0 | D63: ='هاني ماستر'!J12 -> 0 | E63: =D63/45200 -> 0
A64: 62 | B64: اللواء حاتم محمود | C64: =SUM('اللواء حاتم محمود'!J20) -> 0 | D64: =SUM('اللواء حاتم محمود'!J21) -> 0 | E64: =D64/45200 -> 0
A65: 63 | B65: ابو بكر | C65: ='أبو بكر'!J11 -> 0 | D65: ='أبو بكر'!J12 -> 0 | E65: =D65/45200 -> 0
A66: 64 | B66: عبدالله طبيقه (عبد الله العنوان) | C66: ='عبدالله طبيقه'!J10 -> -150 | D66: ='عبدالله طبيقه'!J11 -> 0 | E66: =D66/45200 -> 0
A67: 65 | B67: معتصم | C67: =معتصم!J11 -> -375 | D67: =معتصم!J12 -> 0 | E67: =D67/45200 -> 0
A68: 66 | B68: شركة فينا | C68: =فينا!J25 -> 0 | D68: =فينا!J26 -> -30982 | E68: =D68/45200 -> -0.68544248
A69: 67 | B69: دكتور عبد الله | C69: =SUM('دكتور عبد الله'!J11) -> 0 | D69: =SUM('دكتور عبد الله'!J12) -> -2150 | E69: =D69/45200 -> -0.047566372
A70: 68 | B70: ابو الجود | C70: ='أبو الجود'!J11 -> 0 | D70: ='أبو الجود'!J12 -> 0 | E70: =D70/45200 -> 0
A71: 69 | B71: الزوي | C71: =الزوي!J11 -> 0 | D71: =الزوي!J12 -> 0 | E71: =D71/45200 -> 0
A72: 70 | B72: هاليبرتون | C72: =هاليبرتون!J43 -> 0 | D72: =هاليبرتون!J44 -> 0 | E72: =D72/45200 -> 0
A73: 71 | B73: محمد رخا | C73: ='محمد رخا'!J11 -> 0 | D73: ='محمد رخا'!J12 -> 0 | E73: =D73/45200 -> 0
A74: 72 | B74: فردي | C74: =تريبس!J53 -> 0 | D74: =تريبس!J54 -> 25200 | E74: =D74/45200 -> 0.55752212
A75: 73 | B75: حسام ابو النصر | C75: ='حسام أبو النصر'!J20 -> 0 | D75: ='حسام أبو النصر'!J21 -> 0 | E75: =D75/45200 -> 0
A76: 74 | B76: م عزة | C76: ='م عزه '!J50 -> 0 | D76: ='م عزه '!J51 -> -50 | E76: =D76/45200 -> -0.0011061947
A77: 75 | B77: دهب | C77: =SUM(دهب!J11) -> 0 | D77: =SUM(دهب!J12) -> -25000 | E77: =D77/45200 -> -0.55309735
A78: 76 | B78: ام سالم | C78: ='ام سالم'!J211 -> 0 | D78: ='ام سالم'!J212 -> 1250 | E78: =D78/45200 -> 0.027654867
A79: 77 | B79: مصطفي صادق'!A1 | C79: =SUM('مصطفي صادق'!J97) -> 0 | D79: =SUM('مصطفي صادق'!J98) -> 51996 | E79: =D79/45200 -> 1.150354
A80: 78 | B80: رضا | C80: =SUM(رضا!J107) -> 0 | D80: =SUM(رضا!J108) -> 0 | E80: =D80/45200 -> 0
A81: 79 | B81: ابو سليم | C81: =SUM('ابو سليم'!J31) -> 0 | D81: =SUM('ابو سليم'!J32) -> 395400 | E81: =D81/45200 -> 8.7477876
A82: 80 | B82: د يارا | C82: =SUM('د يارا (2)'!J10) -> 0 | D82: =SUM('د يارا (2)'!J11) -> -43925 | E82: =D82/45200 -> -0.97179204
B83: الاجمالى | C83: =SUM(C3:C58) -> 114360 | D83: =SUM(D3:D82) -> 1745220.5
A87: مديونيات معدومه
B88: ابو عبده | C88: ='أبو عبده'!J11 -> 0 | D88: ='أبو عبده'!J12 -> 85325
B89: اوت سايد (احمد موسي) | C89: ='اوت سايد'!J11 -> 0 | D89: ='اوت سايد'!J12 -> 149650
B90: وادي النيل | C90: ='وادي النيل'!J11 -> 0 | D90: ='وادي النيل'!J12 -> 36000
D91: =SUM(D88:D90) -> 270975
A93: ا | B93: احمد الحرك | C93: ='احمد الحرك'!J11 -> 0 | D93: ='احمد الحرك'!J12 -> -33792

Sheet حساب التحالف
C2: حساب/ مسحوبات وايداعات التحالف
B4: التاريخ | C4: المسحوبات | D4: المدفوعات | E4: الرصيد
B5: 46334 | E5: 22800730
B6: 46364 | D6: 1500000 | E6: =E5+C6-D6 -> 21300730
B7: 46364 | C7: 7876660 | E7: =E6+C7-D7 -> 29177390
B8: 13/8/2026 | C8: 5664675 | E8: =E7+C8-D8 -> 34842065
B9: 14/8/2026 | C9: 2616065 | E9: =E8+C9-D9 -> 37458130
B10: 15/8/2026 | D10: 10000000 | E10: =E9+C10-D10 -> 27458130
B11: 15/8/2026 | D11: 2000000 | E11: =E10+C11-D11 -> 25458130
B12: 15/8/2026 | D12: 1500000 | E12: =E11+C12-D12 -> 23958130
B13: 15/8/2026 | D13: 3548250 | E13: =E12+C13-D13 -> 20409880
B14: 15/8/2026 | C14: 5174585 | E14: =E13+C14-D14 -> 25584465
B15: 16/8/2026 | C15: 8581075 | E15: =E14+C15-D15 -> 34165540
B16: 17/8/2026 | D16: 1000000 | E16: =E15+C16-D16 -> 33165540
B17: 17/8/2026 | D17: 2580000 | E17: =E16+C17-D17 -> 30585540
B18: 17/8/2026 | C18: 6484680 | E18: =E17+C18-D18 -> 37070220
B19: 18/8/2026 | C19: 4012535 | E19: =E18+C19-D19 -> 41082755
B20: 19/8/2026 | D20: 3642300 | E20: =E19+C20-D20 -> 37440455
B21: 19/8/2026 | D21: 3000000 | E21: =E20+C21-D21 -> 34440455
B22: 19/8/2026 | D22: 10000000 | E22: =E21+C22-D22 -> 24440455
B23: 19/8/2026 | D23: 1000000 | E23: =E22+C23-D23 -> 23440455
B24: 19/8/2026 | C24: 5191110 | E24: =E23+C24-D24 -> 28631565
B25: 20/8/2026 | D25: 2000000 | E25: =E24+C25-D25 -> 26631565
B26: 20/8/2026 | D26: 1500000 | E26: =E25+C26-D26 -> 25131565
B27: 20/8/2026 | D27: 20000000 | E27: =E26+C27-D27 -> 5131565
B28: 20/8/2026 | C28: 6049875 | E28: =E27+C28-D28 -> 11181440
B29: 21/8/2026 | C29: 6784895 | E29: =E28+C29-D29 -> 17966335
B30: 22/8/2026 | C30: 2666700 | E30: =E29+C30-D30 -> 20633035
B31: 23/8/2026 | D31: 5000000 | E31: =E30+C31-D31 -> 15633035
B32: 23/8/2026 | D32: 1000000 | E32: =E31+C32-D32 -> 14633035
B33: 23/8/2026 | D33: 1900000 | E33: =E32+C33-D33 -> 12733035
B34: 23/8/2026 | C34: 5248000 | E34: =E33+C34-D34 -> 17981035
B35: 24/8/2026 | D35: 2000000 | E35: =E34+C35-D35 -> 15981035
B36: 24/8/2026 | C36: 5179000 | E36: =E35+C36-D36 -> 21160035
B37: 25/8/2026 | D37: 1328900 | E37: =E36+C37-D37 -> 19831135
B38: 25/8/2026 | D38: 2000000 | E38: =E37+C38-D38 -> 17831135
B39: 25/8/2026 | C39: 8212000 | E39: =E38+C39-D39 -> 26043135
B40: 26/8/2026 | D40: 6000000 | E40: =E39+C40-D40 -> 20043135
B41: 26/8/2026 | D41: 1500000 | E41: =E40+C41-D41 -> 18543135
B42: 26/8/2026 | D42: 4000000 | E42: =E41+C42-D42 -> 14543135
B43: 26/8/2026 | D43: 2575000 | E43: =E42+C43-D43 -> 11968135
B44: 26/8/2026 | C44: 3383000 | E44: =E43+C44-D44 -> 15351135
E45: =E44+C45-D45 -> 15351135
E46: =E45+C46-D46 -> 15351135
E47: =E46+C47-D47 -> 15351135
E48: =E47+C48-D48 -> 15351135
B49: الاجمالي | C49: =SUM(C6:C48) -> 83124855 | D49: =SUM(D6:D48) -> 90574450 | E49: =E5+C49-D49 -> 15351135

Sheet خزنه احمد سامح
D2: حساب / الخزنه
C4: التاريخ | D4: البيان | E4: مدين | F4: دائن | G4: الرصيد | H4: التاريخ | I4: البيان | J4: مدين $ | K4: دائن $ | L4: رصيد
C5: 25/6/2026 | D5: رصيد اول المده | G5: 11400505 | H5: 25/6/2026 | L5: 48900
C6: 25/6/2026 | D6: طيران البراق طرابلس | F6: 796470 | G6: =G5+E6-F6 -> 10604035 | H6: 28/6/2026 | I6: نيو ايدج | J6: 3000 | L6: =L5+J6-K6 -> 51900
C7: 25/6/2026 | D7: طيران البراق طرابلس | F7: 128190 | G7: =G6+E7-F7 -> 10475845 | L7: =L6+J7-K7 -> 51900
C8: 27/6/2026 | D8: منصور | E8: 619000 | G8: =G7+E8-F8 -> 11094845 | H8: 28/6/2026 | I8: غيث | J8: 800 | L8: =L7+J8-K8 -> 52700
C9: 27/6/2026 | D9: فاطمه الجازوي | E9: 300000 | G9: =G8+E9-F9 -> 11394845 | H9: 28/6/2026 | I9: تامر عفيفي | J9: 4000 | L9: =L8+J9-K9 -> 56700
C10: 27/6/2026 | D10: ناجي العربي | E10: 1185000 | G10: =G9+E10-F10 -> 12579845 | H10: 29/6/2026 | I10: غيث | J10: 1000 | L10: =L9+J10-K10 -> 57700
C11: 27/6/2026 | D11: ابو عطيه | E11: 1303650 | G11: =G10+E11-F11 -> 13883495 | H11: 29/6/2026 | I11: مزار مصر | J11: 250 | L11: =L10+J11-K11 -> 57950
C12: 27/6/2026 | D12: مزار مصر | E12: 1114000 | G12: =G11+E12-F12 -> 14997495 | H12: 30/6/2026 | I12: اللواء حاتم محمود | J12: 350 | L12: =L11+J12-K12 -> 58300
C13: 27/6/2026 | D13: حمدي الجازوي | E13: 1089500 | G13: =G12+E13-F13 -> 16086995 | H13: 46060 | I13: رد من ح ايزي ترافل | K13: 1400 | L13: =L12+J13-K13 -> 56900
C14: 28/6/2026 | D14: هاليبرتون محمد ثروت | E14: 22000 | G14: =G13+E14-F14 -> 16108995 | H14: 46119 | I14: عبد العزيز سعفان | J14: 900 | L14: =L13+J14-K14 -> 57800
C15: 28/6/2026 | D15: رد من حساب م عزه | F15: 18000 | G15: =G14+E15-F15 -> 16090995 | H15: 46119 | I15: توريد جنسيات | K15: 5000 | L15: =L14+J15-K15 -> 52800
C16: 28/6/2026 | D16: محمد عبد الله | E16: 620000 | G16: =G15+E16-F16 -> 16710995 | H16: 46149 | I16: غيث | J16: 3000 | L16: =L15+J16-K16 -> 55800
C17: 28/6/2026 | D17: ابو رحمه | E17: 550000 | G17: =G16+E17-F17 -> 17260995 | H17: 46149 | I17: خروج للحج رافع | K17: 2400 | L17: =L16+J17-K17 -> 53400
C18: 28/6/2026 | D18: محمد عبد الله | E18: 100000 | G18: =G17+E18-F18 -> 17360995 | H18: 46180 | I18: نيو ايدج | J18: 1000 | L18: =L17+J18-K18 -> 54400
C19: 28/6/2026 | D19: توريد دروب | F19: 10000000 | G19: =G18+E19-F19 -> 7360995 | H19: 46210 | I19: المليجي | J19: 6500 | L19: =L18+J19-K19 -> 60900
C20: 28/6/2026 | D20: غيث | E20: 27000 | G20: =G19+E20-F20 -> 7387995 | H20: 46241 | I20: خروج للتحالف | K20: 10000 | L20: =L19+J20-K20 -> 50900
C21: 28/6/2026 | D21: ام سالم | E21: 210000 | G21: =G20+E21-F21 -> 7597995 | H21: 46241 | I21: تامر عفيفي | J21: 4700 | L21: =L20+J21-K21 -> 55600
C22: 29/6/2026 | D22: محمد عبد الله | E22: 350000 | G22: =G21+E22-F22 -> 7947995 | H22: 46241 | I22: غيث | J22: 500 | L22: =L21+J22-K22 -> 56100
C23: 29/6/2026 | D23: ام سالم | E23: 50000 | G23: =G22+E23-F23 -> 7997995 | H23: 46363 | I23: فاطمه | J23: 1000 | L23: =L22+J23-K23 -> 57100
C24: 29/6/2026 | D24: محمد عبد الله | E24: 100000 | G24: =G23+E24-F24 -> 8097995 | H24: 13/7/2026 | I24: الحاج بدر | J24: 350 | L24: =L23+J24-K24 -> 57450
C25: 29/6/2026 | D25: تامر عفيفي | E25: 250000 | G25: =G24+E25-F25 -> 8347995 | H25: 14/7/2026 | I25: خروج لميرا | K25: 4900 | L25: =L24+J25-K25 -> 52550
C26: 29/6/2026 | D26: اكرم المنقوش | E26: 12000 | G26: =G25+E26-F26 -> 8359995 | H26: 14/7/2026 | I26: نيو ايدج | J26: 3600 | L26: =L25+J26-K26 -> 56150
C27: 29/6/2026 | D27: م رضا | E27: 499400 | G27: =G26+E27-F27 -> 8859395 | H27: 14/7/2026 | I27: تامر عفيفي | J27: 1100 | L27: =L26+J27-K27 -> 57250
C28: 29/6/2026 | D28: السويسي | E28: 580000 | G28: =G27+E28-F28 -> 9439395 | H28: 16/7/2026 | I28: خروج لايزي ترافل | K28: 3000 | L28: =L27+J28-K28 -> 54250
C29: 29/6/2026 | D29: م رضا | E29: 167000 | G29: =G28+E29-F29 -> 9606395 | H29: 19/7/2026 | I29: عفاف | J29: 6200 | L29: =L28+J29-K29 -> 60450
C30: 29/6/2026 | D30: خالد نجيب | E30: 815000 | G30: =G29+E30-F30 -> 10421395 | H30: 20/7/2026 | I30: مزار مصر | J30: 600 | L30: =L29+J30-K30 -> 61050
C31: 29/6/2026 | D31: فلاي ليبيا | E31: 492000 | G31: =G30+E31-F31 -> 10913395 | H31: 20/7/2026 | I31: علي عمر | J31: 8000 | L31: =L30+J31-K31 -> 69050
C32: 29/6/2026 | D32: مزار مصر | E32: 1258650 | G32: =G31+E32-F32 -> 12172045 | H32: 20/7/2026 | I32: الحاج بدر | J32: 850 | L32: =L31+J32-K32 -> 69900
C33: 30/6/2026 | D33: تايجر | E33: 308000 | G33: =G32+E33-F33 -> 12480045 | H33: 24/7/2026 | I33: تامر عفيفي | J33: 4000 | L33: =L32+J33-K33 -> 73900
C34: 30/6/2026 | D34: احمد مجدي | E34: 100000 | G34: =G33+E34-F34 -> 12580045 | H34: 28/7/2026 | I34: البهلول | J34: 3000 | L34: =L33+J34-K34 -> 76900
C35: 30/6/2026 | D35: ريحاليستا | E35: 600000 | G35: =G34+E35-F35 -> 13180045 | H35: 28/7/2026 | I35: البهلول | J35: 400 | L35: =L34+J35-K35 -> 77300
C36: 30/6/2026 | D36: ام سالم | E36: 120000 | G36: =G35+E36-F36 -> 13300045 | H36: 30/7/2026 | I36: عادل نصار | J36: 2000 | L36: =L35+J36-K36 -> 79300
C37: 30/6/2026 | D37: السويسي | E37: 730000 | G37: =G36+E37-F37 -> 14030045 | H37: 31/7/2026 | I37: غيث | J37: 1000 | L37: =L36+J37-K37 -> 80300
C38: 30/6/2026 | D38: حمدي الجازوي | E38: 930000 | G38: =G37+E38-F38 -> 14960045 | H38: 46030 | I38: جنسيات | K38: 5000 | L38: =L37+J38-K38 -> 75300
C39: 30/6/2026 | D39: م رضا | E39: 300000 | G39: =G38+E39-F39 -> 15260045 | H39: 46030 | I39: تامر عفيفي | J39: 4985 | L39: =L38+J39-K39 -> 80285
C40: 30/6/2026 | D40: ابو عطيه | E40: 2103000 | G40: =G39+E40-F40 -> 17363045 | H40: 46061 | I40: جادو | J40: 2000 | L40: =L39+J40-K40 -> 82285
C41: 46029 | D41: توريد دروب | F41: 15000000 | G41: =G40+E41-F41 -> 2363045 | H41: 46150 | I41: سعفان | J41: 1000 | L41: =L40+J41-K41 -> 83285
C42: 46029 | D42: محمد عبد الله | E42: 853000 | G42: =G41+E42-F42 -> 3216045 | H42: 46181 | I42: عادل نصار | J42: 1500 | L42: =L41+J42-K42 -> 84785
C43: 46028 | D43: ام سالم | E43: 400000 | G43: =G42+E43-F43 -> 3616045 | H43: 46211 | I43: تامر عفيفي | J43: 1500 | L43: =L42+J43-K43 -> 86285
C44: 46029 | D44: السويسي | E44: 210000 | G44: =G43+E44-F44 -> 3826045 | H44: 46273 | I44: علي عمر | J44: 10000 | L44: =L43+J44-K44 -> 96285
C45: 46060 | D45: اكرم المنقوش | E45: 22000 | G45: =G44+E45-F45 -> 3848045 | H45: 46273 | I45: البهلول | J45: 400 | L45: =L44+J45-K45 -> 96685
C46: 46060 | D46: مزار مصر | E46: 500000 | G46: =G45+E46-F46 -> 4348045 | H46: 46273 | I46: البهلول | J46: 2000 | L46: =L45+J46-K46 -> 98685
C47: 46060 | D47: محمد صبحي | E47: 85000 | G47: =G46+E47-F47 -> 4433045 | H47: 46303 | I47: اللواء حاتم محمود | J47: 120 | L47: =L46+J47-K47 -> 98805
C48: 46060 | D48: ابو رحمه | E48: 660000 | G48: =G47+E48-F48 -> 5093045 | H48: 46364 | I48: فينا | J48: 3000 | L48: =L47+J48-K48 -> 101805
C49: 46060 | D49: فاطمه الجازوي | E49: 460000 | G49: =G48+E49-F49 -> 5553045 | H49: 46364 | I49: نيو ايدج | J49: 6300 | L49: =L48+J49-K49 -> 108105
C50: 46119 | D50: تايجر | E50: 44000 | G50: =G49+E50-F50 -> 5597045 | H50: 13/8/2026 | I50: خروج لحسام | K50: 82500 | L50: =L49+J50-K50 -> 25605
C51: 46119 | D51: عبد العزيز سعفان | E51: 1065000 | G51: =G50+E51-F51 -> 6662045 | H51: 15/8/2026 | I51: تامر عفيفي | J51: 5000 | L51: =L50+J51-K51 -> 30605
C52: 46119 | D52: مدام رضا | E52: 399400 | G52: =G51+E52-F52 -> 7061445 | H52: 15/8/2026 | I52: خروج للجنسيات | K52: 5000 | L52: =L51+J52-K52 -> 25605
C53: 46149 | D53: احمد مجدي | E53: 150000 | G53: =G52+E53-F53 -> 7211445 | H53: 16/8/2026 | I53: الحاجه عفاف | J53: 1350 | L53: =L52+J53-K53 -> 26955
C54: 46149 | D54: توريد دروب | F54: 7000000 | G54: =G53+E54-F54 -> 211445 | H54: 19/8/2026 | I54: لاكي | J54: 1275 | L54: =L53+J54-K54 -> 28230
C55: 46149 | D55: بهلول | E55: 300000 | G55: =G54+E55-F55 -> 511445 | H55: 20/8/2026 | I55: نيو ايدج | J55: 6940 | L55: =L54+J55-K55 -> 35170
C56: 46149 | D56: ام سالم | E56: 100000 | G56: =G55+E56-F56 -> 611445 | H56: 22/8/2026 | I56: حسام | K56: 19200 | L56: =L55+J56-K56 -> 15970
C57: 46149 | D57: الحج بدر | E57: 200000 | G57: =G56+E57-F57 -> 811445 | H57: 22/8/2026 | I57: جادو | J57: 1000 | L57: =L56+J57-K57 -> 16970
C58: 46149 | D58: خروج للحج رافع | F58: 50000 | G58: =G57+E58-F58 -> 761445 | L58: =L57+J58-K58 -> 16970
C59: 46180 | D59: منصور | E59: 4130000 | G59: =G58+E59-F59 -> 4891445 | L59: =L58+J59-K59 -> 16970
C60: 46180 | D60: ناجي العربي | E60: 260000 | G60: =G59+E60-F60 -> 5151445 | L60: =L59+J60-K60 -> 16970
C61: 46180 | D61: احمد مجدي | E61: 50000 | G61: =G60+E61-F61 -> 5201445 | L61: =L60+J61-K61 -> 16970
C62: 46180 | D62: شركه دهب | E62: 88000 | G62: =G61+E62-F62 -> 5289445 | L62: =L61+J62-K62 -> 16970
C63: 46180 | D63: ام سالم | E63: 170000 | G63: =G62+E63-F63 -> 5459445 | L63: =L62+J63-K63 -> 16970
C64: 46180 | D64: محمد عبد الله | E64: 650000 | G64: =G63+E64-F64 -> 6109445 | L64: =L63+J64-K64 -> 16970
C65: 46180 | D65: ابو رحمه | E65: 600000 | G65: =G64+E65-F65 -> 6709445 | L65: =L64+J65-K65 -> 16970
C66: 46180 | D66: فاطمه الجازوي | E66: 120000 | G66: =G65+E66-F66 -> 6829445 | L66: =L65+J66-K66 -> 16970
C67: 46180 | D67: علي عمر | E67: 800000 | G67: =G66+E67-F67 -> 7629445 | L67: =L66+J67-K67 -> 16970
C68: 46210 | D68: توريد للبراق | F68: 1000000 | G68: =G67+E68-F68 -> 6629445 | L68: =L67+J68-K68 -> 16970
C69: 46210 | D69: ام سالم | E69: 250000 | G69: =G68+E69-F69 -> 6879445 | L69: =L68+J69-K69 -> 16970
C70: 46210 | D70: السويسي | E70: 457600 | G70: =G69+E70-F70 -> 7337045 | L70: =L69+J70-K70 -> 16970
C71: 46210 | D71: رافت سلطان | E71: 200000 | G71: =G70+E71-F71 -> 7537045 | L71: =L70+J71-K71 -> 16970
C72: 46210 | D72: المليجي | E72: 1220000 | G72: =G71+E72-F72 -> 8757045 | L72: =L71+J72-K72 -> 16970
C73: 46241 | D73: محمد عبد الله | E73: 170000 | G73: =G72+E73-F73 -> 8927045 | L73: =L72+J73-K73 -> 16970
C74: 46241 | D74: تسليم للبراق | F74: 416710 | G74: =G73+E74-F74 -> 8510335 | L74: =L73+J74-K74 -> 16970
C75: 46241 | D75: ام سالم | E75: 160000 | G75: =G74+E75-F75 -> 8670335 | L75: =L74+J75-K75 -> 16970
C76: 46241 | D76: خروج لدروب | F76: 8500000 | G76: =G75+E76-F76 -> 170335 | L76: =L75+J76-K76 -> 16970
C77: 46241 | D77: سلفه لمصطفي ياسين | F77: 60000 | G77: =G76+E77-F77 -> 110335 | L77: =L76+J77-K77 -> 16970
C78: 46241 | D78: اكرم المنقوش | E78: 19000 | G78: =G77+E78-F78 -> 129335 | L78: =L77+J78-K78 -> 16970
C79: 46241 | D79: خالد نجيب | E79: 1584000 | G79: =G78+E79-F79 -> 1713335 | L79: =L78+J79-K79 -> 16970
C80: 46272 | D80: ناجي العربي | E80: 1060000 | G80: =G79+E80-F80 -> 2773335 | L80: =L79+J80-K80 -> 16970
C81: 46272 | D81: المليجي | E81: 1699800 | G81: =G80+E81-F81 -> 4473135 | L81: =L80+J81-K81 -> 16970
C82: 46272 | D82: ام سالم | E82: 243600 | G82: =G81+E82-F82 -> 4716735 | L82: =L81+J82-K82 -> 16970
C83: 46272 | D83: عبدالله طبيقه | E83: 88000 | G83: =G82+E83-F83 -> 4804735 | L83: =L82+J83-K83 -> 16970
C84: 46272 | D84: الحاج بدر | E84: 200000 | G84: =G83+E84-F84 -> 5004735 | L84: =L83+J84-K84 -> 16970
C85: 46272 | D85: السويسي | E85: 560000 | G85: =G84+E85-F85 -> 5564735 | L85: =L84+J85-K85 -> 16970
C86: 46272 | D86: عبد الرحمن زاهر | E86: 1000000 | G86: =G85+E86-F86 -> 6564735 | L86: =L85+J86-K86 -> 16970
C87: 46272 | D87: ابو رحمه | E87: 500000 | G87: =G86+E87-F87 -> 7064735 | L87: =L86+J87-K87 -> 16970
C88: 46272 | D88: عبد الرحمن الليبيه | E88: 50000 | G88: =G87+E88-F88 -> 7114735 | L88: =L87+J88-K88 -> 16970
C89: 46272 | D89: البهلول | E89: 811000 | G89: =G88+E89-F89 -> 7925735 | L89: =L88+J89-K89 -> 16970
... C99: 46333 | D99: البهلول | E99: 150000 | G99: =G98+E99-F99 -> 12218635 | L99: =L98+J99-K99 -> 16970
C100: 46333 | D100: توريد لدروب | F100: 12000000 | G100: =G99+E100-F100 -> 218635 | L100: =L99+J100-K100 -> 16970
C101: 46363 | D101: فاطمه الجازوي | E101: 357300 | G101: =G100+E101-F101 -> 575935 | L101: =L100+J101-K101 -> 16970
C102: 46363 | D102: م رضا | E102: 1000000 | G102: =G101+E102-F102 -> 1575935 | L102: =L101+J102-K102 -> 16970
C103: 46363 | D103: احمد مجدي | E103: 150000 | G103: =G102+E103-F103 -> 1725935 | L103: =L102+J103-K103 -> 16970
C104: 46363 | D104: المليجي | E104: 1100000 | G104: =G103+E104-F104 -> 2825935 | L104: =L103+J104-K104 -> 16970
C105: 46363 | D105: هاليبرتون عبد العزيز | E105: 22000 | G105: =G104+E105-F105 -> 2847935 | L105: =L104+J105-K105 -> 16970
C106: 46363 | D106: ام سالم | E106: 365000 | G106: =G105+E106-F106 -> 3212935 | L106: =L105+J106-K106 -> 16970
C107: 46363 | D107: محمد عبد الله | E107: 603000 | G107: =G106+E107-F107 -> 3815935 | L107: =L106+J107-K107 -> 16970
C108: 59512 | D108: عادل نصار | E108: 200000 | G108: =G107+E108-F108 -> 4015935 | L108: =L107+J108-K108 -> 16970
C109: 46363 | D109: عبد الرحمن زاهر | E109: 999800 | G109: =G108+E109-F109 -> 5015735 | L109: =L108+J109-K109 -> 16970
C110: 46363 | D110: الحاج كارم | E110: 1310000 | G110: =G109+E110-F110 -> 6325735 | L110: =L109+J110-K110 -> 16970
C111: 46363 | D111: رافت سلطان | E111: 150000 | G111: =G110+E111-F111 -> 6475735 | L111: =L110+J111-K111 -> 16970
...

Sheet مدفوعات التحالف
C2: مدفوعات مصطفي ياسين للتحالف
C4: التاريخ | D4: البيان | E4: المدفوعات | F4: المدفوعات $
D5: رصيد | E5: 76541667
C6: 25/6/2026 | D6: طيران البراق طرابلس | E6: 796470
C7: 24/6/2026 | D7: بند استثمار | E7: 5000000
C8: 27/6/2026 | D8: استثمار | E8: 5000000
C9: 28/6/2026 | D9: توريد دروب | E9: 10000000
C10: 28/6/2026 | D10: مصر للطيران | E10: 1700000
C11: 28/6/2026 | D11: استثمار | E11: 5000000
C12: 28/6/2026 | D12: استثمار | E12: 5000000
C13: 28/6/2026 | D13: دروب محمد يوسف | E13: 72000
C14: 30/6/2026 | D14: الافريقيه | E14: 2000000
C15: 30/6/2026 | D15: دروب حساب اشرف شيحه | E15: 1332000
C16: 46029 | D16: دروب حساب احمد غزي | E16: 1891500
C17: 46029 | D17: دروب من حساب خالد نجيب | E17: 126050
C18: 46029 | D18: توريد لدروب | E18: 15000000
C19: 46029 | D19: لاكي تورز | E19: 9690000
C20: 46060 | D20: لخيري استثمار | E20: 5000000
C21: 46060 | D21: الحج حماده | E21: 2400000
C22: 46060 | D22: الحج حماده | E22: 3000000
C23: 46060 | D23: اسامه خليفه | E23: 3000000
C24: 46060 | D24: خيري | E24: 5100000
C25: 46060 | D25: مدفوعه للتحالف | E25: 3000000
C26: 46149 | D26: توريد لدروب | E26: 7000000
C27: 46149 | D27: تسليم للافريقيه | E27: 1000000
... C40: 46333 | D40: توريد لدروب | E40: 12000000
C41: 13/7/2026 | D41: مدفوعه للاكي | E41: 2486333
C42: 13/7/2026 | D42: مدفوعه للاستثمار | E42: 4000000
C43: 14/7/2026 | D43: مدفوعه للتحالف | E43: 5000000
C44: 14/7/2026 | D44: مدفوعه للافريقيه | E44: 900000
C45: 19/7/2026 | D45: التحالف دروب | E45: 10000000
C46: 19/7/2026 | D46: مدفوعه للبراق | E46: 400000
C47: 19/7/2026 | D47: مصر للطيران | E47: 1000000
C48: 19/7/2026 | D48: الافريقيه | E48: 1500000
C49: 19/7/2026 | D49: مدفوعه للتحالف | E49: 8000000
C50: 20/7/2026 | D50: مدفوعه للتحالف | E50: 6000000
C51: 21/7/2026 | D51: مدفوعه للتحالف | E51: 4400000
C52: 46333 | E52: 1907000
C53: 21/7/2026 | D53: البراق طرابلس | E53: 350000
C54: 21/7/2026 | D54: عمرو الليبيه | E54: 2000000
C55: 21/7/2026 | D55: مدفوعه لدروب | E55: 5000000
C56: 21/7/2026 | D56: لاكي تورز | E56: 5000000
C57: 22/7/2026 | D57: مصر للطيران | E57: 1500000
C58: 22/7/2026 | D58: سداد للتحالف | E58: 6900000
C59: 23/7/2026 | D59: سداد لدروب | E59: 3900000
C60: 25/7/2026 | D60: مدفوعه لدروب | E60: 4000000
C61: 25/7/2026 | D61: مدفوعه للاكي | E61: 8000000
C62: 25/7/2026 | D62: مدفوعه لدروب | E62: 2000000
C63: 26/7/2026 | D63: مدفوعه للتحالف | E63: 5000000
C64: 27/7/2026 | D64: مدفوعه للبراق | E64: 500000
... C71: 31/7/2026 | D71: التحالف | E71: 4000000
C72: 46030 | D72: التحالف | E72: 9000000
C73: 46030 | D73: مصر للطيران | E73: 2000000
C74: 46061 | D74: مدفوعه لدروب | E74: 9000000
C75: 46089 | D75: للتحالف | E75: 11000000 | F75: مدفوعه لتصفير حساب استثمار اير ليبيا 213.686 $ على سعر 51.5 ج
C76: 46150 | D76: توريد لدروب | E76: 8000000
C77: 46181 | D77: توريد لدروب حساب اشرف شيحه | E77: 5164000
C78: 46242 | D78: ميرا البراق | E78: 1000000
C79: 46303 | D79: مدفوعه لدروب | E79: 6000000
C80: 46303 | D80: عمرو الليبيه | E80: 4000000
C81: 46303 | D81: مصر للطيران | E81: 2000000
C82: 46364 | D82: مصر للطيران | E82: 1500000
C83: 15/8/2026 | D83: توريد لدروب | E83: 10000000
C84: 15/8/2026 | D84: ميرا البراق | E84: 2000000
C85: 15/8/2026 | D85: مصر للطيران | E85: 1500000
C86: 15/8/2026 | D86: توريد لدروب | E86: 3548250
C87: 17/8/2026 | D87: مصر للطيران | E87: 1000000
C88: 17/8/2026 | D88: الاستثمار | E88: 2580000
C89: 19/8/2026 | D89: حساب مصطفي صادق | E89: 3642300
C90: 19/8/2026 | D90: اسامه خليفه | E90: 3000000
C91: 19/8/2026 | D91: دروب | E91: 10000000
C92: 19/8/2026 | D92: البراق طرابلس | E92: 1000000
C93: 46273 | D93: مدفوعه | E93: 1000000
C94: 20/8/2026 | D94: مصر للطيران | E94: 2000000
C95: 20/8/2027 | D95: البراق طرابلس | E95: 1500000
C96: 20/8/2026 | D96: التحالف | E96: 10000000
C97: 20/8/2026 | D97: التحالف | E97: 10000000
C98: 23/8/2026 | D98: دروب | E98: 5000000
C99: 23/8/2026 | D99: مصر للطيران | E99: 1000000
C100: 23/8/2026 | D100: ميرا البراق | E100: 1900000
C101: 24/8/2026 | D101: مصر للطيران | E101: 2000000
C102: 25/8/2026 | D102: لدروب خالد نجيب | E102: 1328900
C103: 25/8/2026 | D103: ميرا البراق | E103: 2000000
C104: 26/8/2026 | D104: سداد عن طريق الحاج حماده | E104: 6000000
C105: 26/8/2026 | D105: مصر للطيران | E105: 1500000
C106: 26/8/2026 | D106: الحاج حماده | E106: 4000000
C107: 26/8/2026 | D107: الحاج خيري استثمار | E107: 2575000 | F107: قيمه 50000 $
C111: الاجمالي | E111: =SUM(E5:E110) -> 495749607 | F111: =SUM(F12:F110) -> 0

Sheet المليجي
A1: الاسم | B1: تاريخ الميلاد | C1: الرقم القومي | D1: رقم الجواز | E1: المنفذ | F1: جهة السفر | G1: شركة الطيران | H1: تاريخ المغادرة | I1: ميعاد المغادرة | J1: الوكيل | K1: مورد الاستثمار | L1: ملاحظات | M1: نوع الخدمه | N1: ملاحظات | O1: ملاحظات | P1: ملاحظات | Q1: مدين دولار | R1: دائن دولار | S1: مدين مصري | T1: دائن مصري
A2: ما قبله | Q2: 0 | R2: 0 | S2: 913687 | T2: 0
A3: سفر 22 يونيو طيران وبري
A4: ياسر محمد احمد احمد | B4: 1997-09-03 | C4: 29703092301699 | D4: A30517163 | E4: مطار القاهره | F4: طرابلس | G4: البراق | H4: 2026-06-22 | I4: 0.41666667 | J4: المليجي | L4: بالغ | M4: خدمه احاديه (م فقط) | S4: 18000
A5: قايد محمد قايد محمد | B5: 1971-11-15 | C5: 27111152600796 | D5: A44619571 | E5: مطار القاهره | F5: طرابلس | G5: الافريقيه | H5: 2026-06-22 | I5: 0.41666667 | J5: المليجي | L5: بالغ | M5: خدمه ثنائيه (م+ت) | S5: 26000
A6: محمود حمدي احمد احمد | B6: 36541 | C6: 300001162301358 | D6: A30913599 | E6: مطار القاهره | F6: طرابلس | G6: البراق | H6: 2026-06-22 | I6: 0.41666667 | J6: المليجي | L6: بالغ | M6: خدمه احاديه (م فقط) | S6: 18000
A7: عباس قعود عباس ابو رحاب | B7: 1969-12-06 | C7: 26912062600818 | D7: A44619592 | E7: مطار القاهره | F7: طرابلس | G7: الافريقيه | H7: 2026-06-22 | I7: 0.41666667 | J7: المليجي | L7: بالغ | M7: خدمه ثنائيه (م+ت) | S7: 26000
A8: سامح جمال احمد محمد | B8: 1988-11-25 | C8: 28811252300892 | D8: A27376783 | E8: مطار القاهره | F8: طرابلس | G8: البراق | H8: 2026-06-22 | I8: 0.60416667 | J8: المليجي | L8: بالغ | M8: خدمه احاديه (م فقط) | S8: 18000
A9: تذاكر رحله 12 يونيو التاج بنغازي من البرج عدد 1*8000 | S9: 8000
A10: تذاكر رحله 16 يونيو الليبيه طرابلس القاهره عدد 1*8700 | S10: 8700
A11: تذاكر رحله اير ليبيا بنغازي البرج 1*10550 | S11: 10550
A12: سفر يوم 23 يونيو
A13: ناصر احمد محمد عبدالحميد | B13: 1997-02-14 | C13: 29702142300099 | D13: A37332045 | E13: مطار القاهره | F13: مصراته | G13: مصر للطيران | H13: 2026-06-23 | I13: 0.79513889 | J13: المليجي | L13: بالغ | M13: خدمه ثنائيه (م+ت) | S13: 26000
A14: رمضان احمد محمد محبوب | B14: 1974-10-27 | C14: 27410272300556 | D14: A43740403 | E14: مطار القاهره | F14: طرابلس | G14: تاج | H14: 2026-06-23 | I14: 0.41666667 | J14: المليجي | L14: بالغ | M14: خدمه احاديه (م فقط) | S14: 18000
A16: مجدى سالم بشير احشاد | B16: 1981-07-16 | C16: 46194 | D16: AA836163 | E16: مطار القاهره | F16: كيب تاون/اديس ابابا | G16: الاثيوبيه ET 452 | H16: AA836163 | I16: 0.086805556 | J16: المليجي | L16: تاشيره فوريه | M16: ليبي | Q16: 400
A17: سفر يوم 24 يونيو | W17: 46197
A18: محمود حمدى خليفه خليل | B18: 1995-09-30 | C18: 29509302302773 | D18: A44632979 | E18: مطار القاهره | F18: بنغازى | G18: الافريقيه | H18: 2026-06-24 | I18: 0.49652778 | J18: المليجي | L18: بالغ | M18: خدمه ثلاثيه | S18: 43725
A19: محمد رمضان عبد المعطى عبد المعطى | B19: 1991-04-15 | C19: 29104152300998 | D19: A40990829 | E19: مطار القاهره | F19: طرابلس | G19: اويا | H19: 2026-06-24 | I19: 0.52083333 | J19: المليجي | L19: بالغ | M19: خدمه احاديه (م فقط) | S19: 18000
A20: محمود مخلف محمود محمد | B20: 1985-04-30 | C20: 28504302300457 | D20: A04317233 | E20: مطار القاهره | F20: طرابلس | G20: اويا | H20: 2026-06-24 | I20: 0.52083333 | J20: المليجي | L20: بالغ | M20: خدمه احاديه (م فقط) | S20: 18000
A21: سيف خلف احمد عباس | B21: 1973-01-06 | C21: 27301062300452 | D21: A44403944 | E21: مطار القاهره | F21: طرابلس | G21: اير كايرو | H21: 2026-06-24 | I21: 0.52430556 | J21: المليجي | L21: بالغ | M21: خدمه احاديه (م فقط) | S21: 18000
A22: على احمد محمد عبدالنبي | B22: 1978-02-04 | C22: 27802042301095 | D22: A44643412 | E22: مطار القاهره | F22: طرابلس | G22: اير كايرو | H22: 2026-06-24 | I22: 0.52430556 | J22: المليجي | L22: بالغ | M22: خدمه احاديه (م فقط) | S22: 18000
A23: سعيد شعبان رمضان سالم | B23: 1976-11-24 | C23: 27611242301057 | D23: A44952444 | E23: مطار القاهره | F23: طرابلس | G23: اير كايرو | H23: 2026-06-24 | I23: 0.52430556 | J23: المليجي | L23: بالغ | M23: خدمه احاديه (م فقط) | S23: 18000
A24: سفر يوم 25 يونيو
A25: محروس حميده عبد العزيز عبد النبي | B25: 1974-04-19 | C25: 27404192300598 | D25: A45383831 | E25: مطار القاهره | F25: مصراته | G25: الافريقيه | H25: 2026-06-25 | I25: 0.75 | J25: المليجي | L25: بالغ | M25: خدمه ثنائيه (م+ت) | N25: 26000 | S25: 26000
A26: امير محمد شعبان محمد | B26: 2002-10-01 | C26: 30210012312775 | D26: A44957161 | E26: منفذ السلوم | F26: بنغازى | G26: اتوبيس | H26: 2026-06-25 | I26: 0.95833333 | J26: المليجي | L26: بالغ | M26: خدمه ثنائيه (م+ا) | N26: 38750 | S26: 38750
A27: صابر سعيد صابر عبد التواب | B27: 1996-01-07 | C27: 29601072300354 | D27: A44944541 | E27: منفذ السلوم | F27: بنغازى | G27: اتوبيس | H27: 2026-06-25 | I27: 0.95833333 | J27: المليجي | L27: بالغ | M27: خدمه ثنائيه (م+ا) | N27: 38750 | S27: 38750
A28: رجب جمعه عطيه عبد التواب | B28: 1991-04-03 | C28: 29104032300439 | D28: A44405431 | E28: منفذ السلوم | F28: بنغازى | G28: اتوبيس | H28: 2026-06-25 | I28: 0.95833333 | J28: المليجي | L28: بالغ | M28: خدمه ثنائيه (م+ا) | N28: 38750 | S28: 38750
A29: عاشور جمعه عطيه عبد التواب | B29: 1995-08-21 | C29: 29508212301194 | D29: A44405430 | E29: منفذ السلوم | F29: بنغازى | G29: اتوبيس | H29: 2026-06-25 | I29: 0.95833333 | J29: المليجي | L29: بالغ | M29: خدمه ثنائيه (م+ا) | N29: 38750 | S29: 38750
A30: حسين حسين الباهي محمد | B30: 1983-08-16 | C30: 28308162300474 | D30: A33118893 | E30: منفذ السلوم | F30: بنغازى | G30: اتوبيس | H30: 2026-06-25 | I30: 0.95833333 | J30: المليجي | L30: بالغ | M30: خدمه ثنائيه (م+ا) | N30: 38750 | S30: 38750
A31: محمد فتحى سلومه صالح | B31: 1996-01-10 | C31: 29601102303116 | D31: A44639480 | E31: منفذ السلوم | F31: بنغازى | G31: اتوبيس | H31: 2026-06-25 | I31: 0.95833333 | J31: المليجي | L31: بالغ | M31: خدمه ثنائيه (م+ا) | N31: 38750 | S31: 38750
A32: سالم رجب سالم احمد | B32: 1985-07-01 | C32: 28507012302838 | D32: A45156841 | E32: منفذ السلوم | F32: بنغازى | G32: اتوبيس | H32: 2026-06-25 | I32: 0.95833333 | J32: المليجي | L32: بالغ | M32: خدمه ثنائيه (م+ا) | N32: 38750 | S32: 38750
A33: عبد العظيم شعبان عبد العظيم جاد المولى | B33: 1994-11-21 | C33: 29411212300437 | D33: A04568100 | E33: منفذ السلوم | F33: بنغازى | G33: اتوبيس | H33: 2026-06-25 | I33: 0.95833333 | J33: المليجي | L33: بالغ | M33: خدمه ثنائيه (م+ا) | N33: 38750 | S33: 38750
A34: احمد تمام عبد المنعم عبد الجواد | B34: 1995-08-05 | C34: 29508052202119 | D34: A26576493 | E34: منفذ السلوم | F34: بنغازى | G34: اتوبيس | H34: 2026-06-25 | I34: 0.95833333 | J34: المليجي | L34: بالغ | M34: خدمه ثنائيه (م+ا) | N34: 38750 | S34: 38750
A35: عرفه على سلمان ناصف | B35: 2003-02-16 | C35: 30302162300955 | D35: A44955794 | E35: منفذ السلوم | F35: بنغازى | G35: اتوبيس | H35: 2026-06-25 | I35: 0.95833333 | J35: المليجي | L35: بالغ | M35: خدمه ثنائيه (م+ا) | N35: 38750 | S35: 38750
A36: ايداع بنكي بتاريخ 28 يونيو | T36: 2380000
A37: ايداع بنكي بتاريخ 28 يونيو | T37: 210223
A38: سفر 26&27 يونيو
A39: سفر يوم 26 يونيو
A40: احمد السيد عبد الشفيق عبد الرحمن | B40: 1990-09-11 | C40: 29009112300372 | D40: A44642943 | E40: مطار برج العرب | F40: بنغازى | G40: الافريقيه | H40: 2026-06-26 | I40: 0.125 | J40: المليجي | L40: بالغ | M40: خدمه ثلاثيه | S40: 43225
A41: احمد خالد عبد الله حافظ | B41: 2007-10-09 | C41: 30710092301496 | D41: A45130851 | E41: مطار برج العرب | F41: بنغازى | G41: الافريقيه | H41: 2026-06-26 | I41: 0.125 | J41: المليجي | L41: بالغ | M41: خدمه ثلاثيه | S41: 43225
A42: احمد شعبان محمد جنيدى | B42: 1985-12-24 | C42: 28512242300676 | D42: A33426293 | E42: مطار برج العرب | F42: بنغازى | G42: الافريقيه | H42: 2026-06-26 | I42: 0.125 | J42: المليجي | L42: بالغ | M42: خدمه ثلاثيه | S42: 43225
A43: احمد عاشور رزق عثمان | B43: 1993-04-08 | C43: 29304082300455 | D43: A39485776 | E43: مطار برج العرب | F43: بنغازى | G43: الافريقيه | H43: 2026-06-26 | I43: 0.53125 | J43: المليجي | L43: بالغ | M43: خدمه ثلاثيه | S43: 43225
A44: احمد محمود عطوه مطاوع | B44: 1997-10-30 | C44: 29710302200514 | D44: A28587982 | E44: مطار برج العرب | F44: بنغازى | G44: الافريقيه | H44: 2026-06-26 | I44: 0.125 | J44: المليجي | L44: بالغ | M44: خدمه ثلاثيه | S44: 43225
A45: اسامه عادل حسن الزاهد | B45: 1988-03-17 | C45: 28803171102570 | D45: A35360273 | E45: مطار برج العرب | F45: بنغازى | G45: الافريقيه | H45: 2026-06-26 | I45: 0.125 | J45: المليجي | L45: بالغ | M45: خدمه ثلاثيه | S45: 43225
A46: السيد صلاح حامد محمد | B46: 1984-12-26 | C46: 28412262300716 | D46: A29641544 | E46: مطار برج العرب | F46: بنغازى | G46: الافريقيه | H46: 2026-06-26 | I46: 0.53125 | J46: المليجي | L46: بالغ | M46: خدمه ثلاثيه | S46: 43225
A47: جمعه صلاح نظير عبد المعبود | B47: 1986-09-15 | C47: 28609152301332 | D47: A44734153 | E47: مطار برج العرب | F47: بنغازى | G47: الافريقيه | H47: 2026-06-26 | I47: 0.125 | J47: المليجي | L47: بالغ | M47: خدمه ثلاثيه | S47: 43225
A48: ربيع سمير عبد المقصود جنيدى | B48: 1988-12-05 | C48: 28812052300851 | D48: A44413963 | E48: مطار برج العرب | F48: بنغازى | G48: الافريقيه | H48: 2026-06-26 | I48: 0.125 | J48: المليجي | L48: بالغ | M48: خدمه ثلاثيه | S48: 43225
A49: رمضان على رمضان سعيد | B49: 1989-04-29 | C49: 28904292300311 | D49: A26557207 | E49: مطار برج العرب | F49: بنغازى | G49: الافريقيه | H49: 2026-06-26 | I49: 0.125 | J49: المليجي | L49: بالغ | M49: خدمه ثلاثيه | S49: 43225
A50: سمير محمود سمير يوسف | B50: 2010-10-01 | C50: 31010012304718 | D50: A45150213 | E50: مطار برج العرب | F50: بنغازى | G50: الافريقيه | H50: 2026-06-26 | I50: 0.125 | J50: المليجي | L50: بالغ | M50: خدمه ثلاثيه | S50: 43225
A51: عبد الرحمن ثابت رزق محسب | B51: 1995-01-29 | C51: 29501292200997 | D51: A38398267 | E51: مطار برج العرب | F51: بنغازى | G51: الافريقيه | H51: 2026-06-26 | I51: 0.125 | J51: المليجي | L51: بالغ | M51: خدمه ثلاثيه | S51: 43225
... A68: يوسف محمد عطوه مطاوع عبد المقصود | B68: 2010-06-25 | C68: 31006252302731 | D68: A45148027 | E68: مطار برج العرب | F68: بنغازى | G68: الافريقيه | H68: 2026-06-26 | I68: 0.53125 | J68: المليجي | L68: بالغ | M68: خدمه ثلاثيه | S68: 43225
A69: سفر يوم 27 يونيو
A70: على عبد السلام محمود جاد الله | B70: 1967-03-23 | C70: 26703232301111 | D70: A45367844 | E70: مطار القاهره | F70: مصراته | G70: مصر للطيران | H70: 2026-06-27 | I70: 0.34027778 | J70: المليجي | L70: بالغ | M70: خدمه ثنائيه (م+ت) | S70: 26000
A71: جلال السيد عبد الكريم الابشاني | B71: 1957-11-18 | C71: 25711181202252 | D71: A35497870 | E71: مطار القاهره | F71: مصراته | G71: مصر للطيران | H71: 2026-06-27 | I71: 0.34027778 | J71: المليجي | L71: بالغ | M71: خدمه ثنائيه (م+ت) | S71: 26000
A72: سفر يوم 28 يونيو
A73: على طه السيد على | B73: 1997-12-10 | C73: 29712102602811 | D73: A45001693 | E73: مطار برج العرب | F73: بنغازى | G73: الليبيه | H73: 2026-06-28 | I73: 0.041666667 | J73: المليجي | L73: بالغ | M73: خدمه ثلاثيه | S73: 43225
A74: محمد السيد عبد الحميد صيام | B74: 1976-10-13 | C74: 27610131301019 | D74: A45259358 | E74: مطار برج العرب | F74: طرابلس | G74: الافريقيه | H74: 2026-06-28 | I74: 0.375 | J74: المليجي | L74: بالغ | M74: خدمه ثنائيه (م+ت) | S74: 25000
A75: ابراهيم عبد المجيد عبد الحميد حسن | B75: 1974-01-05 | C75: 27401051501353 | D75: A45278104 | E75: مطار برج العرب | F75: طرابلس | G75: الافريقيه | H75: 2026-06-28 | I75: 0.375 | J75: المليجي | L75: بالغ | M75: خدمه ثنائيه (م+ت) | S75: 25000
A76: مصطفى ابو اليزيد البسيوني ابراهيم | B76: 1977-12-18 | C76: 27712181501334 | D76: A45124280 | E76: مطار برج العرب | F76: طرابلس | G76: الافريقيه | H76: 2026-06-28 | I76: 0.375 | J76: المليجي | L76: بالغ | M76: خدمه ثنائيه (م+ت) | S76: 25000
A77: سفر 29 يونيو
A78: كارم ما هر عبد العزيز احمد | B78: 1981-05-30 | C78: 28105302300897 | D78: A45439465 | E78: مطار القاهره | F78: طرابلس | G78: الافريقيه | H78: 2026-06-29 | I78: 0.41666667 | J78: المليجي | L78: بالغ | M78: خدمه ثنائيه (م+ت) | S78: 26000
A79: رجب محمد عبد الله عبد القادر | B79: 1975-10-21 | C79: 27510212300811 | D79: A40910022 | E79: مطار القاهره | F79: طرابلس | G79: الافريقيه | H79: 2026-06-29 | I79: 0.41666667 | J79: المليجي | L79: بالغ | M79: خدمه ثنائيه (م+ت) | S79: 26000
A80: عبد الرحمن كامل رمضان عبد الرحمن | B80: 2010-12-15 | C80: 31012152301797 | D80: A41037441 | E80: مطار القاهره | F80: طرابلس | G80: الافريقيه | H80: 2026-06-29 | I80: 0.41666667 | J80: المليجي | L80: بالغ | M80: خدمه ثنائيه (م+ت) | S80: 26000
A81: عصام رشاد عبد الحميد داود | B81: 1979-05-01 | C81: 27905012301353 | D81: A45157205 | E81: مطار القاهره | F81: طرابلس | G81: الافريقيه | H81: 2026-06-29 | I81: 0.41666667 | J81: المليجي | L81: بالغ | M81: خدمه ثنائيه (م+ت) | S81: 26000
A82: كامل رمضان عبد الرحمن طلبه | B82: 1977-08-01 | C82: 27708012301591 | D82: A45130878 | E82: مطار القاهره | F82: طرابلس | G82: الافريقيه | H82: 2026-06-29 | I82: 0.41666667 | J82: المليجي | L82: بالغ | M82: خدمه ثنائيه (م+ت) | S82: 26000
A83: محمود احمد محمد دقماق | B83: 1962-01-14 | C83: 26201141500396 | D83: A30449861 | E83: مطار برج العرب | F83: طرابلس | G83: الليبيه | H83: 2026-06-29 | I83: 0.66666667 | J83: المليجي | L83: بالغ | M83: خدمه ثنائيه (م+ت) | S83: 25000
A84: السيد السيد محمد ربيع | B84: 1971-03-01 | C84: 27103011503379 | D84: A44160904 | E84: مطار برج العرب | F84: طرابلس | G84: الليبيه | H84: 2026-06-29 | I84: 0.66666667 | J84: المليجي | L84: بالغ | M84: خدمه ثنائيه (م+ت) | S84: 25000
A85: فارس احمد جاد جابر علام | B85: 2005-12-13 | C85: 30512131200876 | D85: A43014624 | E85: مطار برج العرب | F85: بنغازى | G85: اير ليبيا | H85: 2026-06-29 | I85: 0.83333333 | J85: المليجي | L85: بالغ | M85: خدمه ثلاثيه | S85: 43225
A86: حازم جمال عبد الرازق عطيه | B86: 2001-02-01 | C86: 30102012308312 | D86: A41699633 | E86: مطار برج العرب | F86: بنغازى | G86: اير ليبيا | H86: 2026-06-29 | I86: 0.83333333 | J86: المليجي | L86: بالغ | M86: خدمه ثلاثيه | S86: 43225
A87: احمد خلف رمضان عبد الحفيظ | B87: 2008-04-24 | C87: 30804242301974 | D87: A42091276 | E87: مطار برج العرب | F87: بنغازى | G87: اير ليبيا | H87: 2026-06-29 | I87: 0.83333333 | J87: المليجي | L87: بالغ | M87: خدمه ثلاثيه | S87: 43225
A88: محمد احمد حمدي عبد الحليم سالم | B88: 2009-01-02 | C88: 30901022301715 | D88: A42261218 | E88: مطار برج العرب | F88: بنغازى | G88: اير ليبيا | H88: 2026-06-29 | I88: 0.83333333 | J88: المليجي | L88: بالغ | M88: خدمه ثلاثيه | S88: 43225
A89: شعبان محمد بكرى على | B89: 1987-04-28 | C89: 28704282300713 | D89: A33933980 | E89: مطار برج العرب | F89: بنغازى | G89: اير ليبيا | H89: 2026-06-29 | I89: 0.83333333 | J89: المليجي | L89: بالغ | M89: خدمه ثلاثيه | S89: 43225
... A94: شعبان جمعه محمد ابوزيد | B94: 1996-01-02 | C94: 29601022302593 | D94: A44957284 | E94: مطار برج العرب | F94: بنغازى | G94: اير ليبيا | H94: 2026-06-29 | I94: 0.83333333 | J94: المليجي | L94: بالغ | M94: خدمه ثلاثيه | S94: 43225
A95: سفر 30 يونيو
A96: فتاح عبد القادر ابوالفضل قايد | B96: 1990-03-03 | C96: 29003032601535 | D96: A30262353 | E96: مطار القاهره | F96: بنغازى | G96: الليبيه | H96: 2026-06-30 | I96: 0.375 | J96: المليجي | L96: بالغ | M96: خدمه ثلاثيه | S96: 43725
A97: عبد الرحمن احمد ربيع السيد | B97: 2002-02-03 | C97: 30202032302218 | D97: A45092597 | E97: مطار القاهره | F97: بنغازى | G97: الليبيه | H97: 2026-06-30 | I97: 0.375 | J97: المليجي | L97: بالغ | M97: خدمه ثلاثيه | S97: 43725
A98: محمود مختار على مصطفى | B98: 1988-09-06 | C98: 28809062601271 | D98: A34920574 | E98: مطار القاهره | F98: بنغازى | G98: الليبيه | H98: 2026-06-30 | I98: 0.375 | J98: المليجي | L98: بالغ | M98: خدمه ثلاثيه | S98: 43725
A99: صابر ايوب عبد الرازق عبد العزيز | B99: 1985-09-01 | C99: 28509012307638 | D99: A38094401 | E99: مطار القاهره | F99: بنغازى | G99: الليبيه | H99: 2026-06-30 | I99: 0.375 | J99: المليجي | L99: بالغ | M99: خدمه ثلاثيه | S99: 43725
A100: محمود رجب محمد عبد اللطيف | B100: 1979-09-23 | C100: 27909232300914 | D100: A44667822 | E100: مطار القاهره | F100: طرابلس | G100: اير كايرو | H100: 2026-06-30 | I100: 0.375 | J100: المليجي | L100: بالغ | M100: خدمه احاديه (م فقط) | S100: 22000
A101: محمد محمود رجب محمد عبد اللطيف | B101: 2009-07-18 | C101: 30907182302031 | D101: A43948427 | E101: مطار القاهره | F101: طرابلس | G101: اير كايرو | H101: 2026-06-30 | I101: 0.375 | J101: المليجي | L101: بالغ | M101: خدمه احاديه (م فقط) | S101: 22000
A102: محمد صابر معوض عبد الهادي | B102: 1994-12-19 | C102: 29412192300831 | D102: A33689245 | E102: منفذ السلوم | F102: بنغازى | G102: اتوبيس | H102: 2026-06-30 | I102: 0.41666667 | J102: المليجي | L102: بالغ | M102: خدمه ثنائيه (م+ا) | S102: 38750
A103: احمد اشرف احمد عبد القوى | B103: 2005-01-01 | C103: 30501012318271 | D103: A44945151 | E103: منفذ السلوم | F103: بنغازى | G103: اتوبيس | H103: 2026-06-30 | I103: 0.41666667 | J103: المليجي | L103: بالغ | M103: خدمه ثنائيه (م+ا) | S103: 38750
A104: السيد صبره محمد هليل | B104: 1981-12-28 | C104: 28112282300531 | D104: A30549698 | E104: منفذ السلوم | F104: بنغازى | G104: اتوبيس | H104: 2026-06-30 | I104: 0.41666667 | J104: المليجي | L104: بالغ | M104: خدمه ثنائيه (م+ا) | S104: 38750
A105: محمد ابو الخير توفيق محمد | B105: 1988-07-27 | C105: 28807272300638 | D105: A41385251 | E105: منفذ السلوم | F105: بنغازى | G105: اتوبيس | H105: 2026-06-30 | I105: 0.41666667 | J105: المليجي | L105: بالغ | M105: خدمه ثنائيه (م+ا) | S105: 38750
A106: حسنى محمد كامل محمد | B106: 1984-07-10 | C106: 28407102302492 | D106: A27390025 | E106: منفذ السلوم | F106: بنغازى | G106: اتوبيس | H106: 2026-06-30 | I106: 0.41666667 | J106: المليجي | L106: بالغ | M106: خدمه ثنائيه (م+ا) | S106: 38750
A107: حماده مصطفى صبحى محمود | B107: 1992-09-17 | C107: 29209172300494 | D107: A44957129 | E107: منفذ السلوم | F107: بنغازى | G107: اتوبيس | H107: 2026-06-30 | I107: 0.41666667 | J107: المليجي | L107: بالغ | M107: خدمه ثنائيه (م+ا) | S107: 38750
... A152: ممدوح سالم عبد المولى عبد الجواد | B152: 1985-02-11 | C152: 28502112202014 | D152: A45132577 | E152: منفذ السلوم | F152: بنغازى | G152: اتوبيس | H152: 2026-06-30 | I152: 0.41666667 | J152: المليجي | L152: بالغ | M152: خدمه ثنائيه (م+ا) | S152: 38750
A153: سفر 1 يوليو
A154: احمد محمد عبد الفتاح حسن | B154: 1991-01-20 | C154: 29101202301959 | D154: A36732779 | E154: مطار القاهره | F154: طرابلس | G154: البراق | H154: 2026-07-01 | I154: 0.375 | J154: المليجي | L154: بالغ | M154: خدمه احاديه (م فقط) | S154: 22000
A155: سفر 2 يوليو
A156: ربيع عشرى حسن شعيا | B156: 1990-11-05 | C156: 29011052301573 | D156: A45300524 | E156: مطار القاهره | F156: بنغازى | G156: الليبيه | H156: 2026-07-02 | I156: 0.41666667 | J156: المليجي | L156: بالغ | M156: خدمه ثلاثيه | S156: 43725
A157: مصطفى محمود احمد محمد | B157: 1994-07-01 | C157: 29407012305453 | D157: A41506656 | E157: مطار القاهره | F157: طرابلس | G157: البراق | H157: 2026-07-02 | I157: 0.41666667 | J157: المليجي | L157: بالغ | M157: خدمه احاديه (م فقط) | S157: 22000
A158: محمود على محمد حافظ | B158: 1999-09-09 | C158: 29909092304873 | D158: A04325597 | E158: مطار القاهره | F158: طرابلس | G158: اويا | H158: 2026-07-02 | I158: 0.41666667 | J158: المليجي | L158: بالغ | M158: خدمه احاديه (م فقط) | S158: 22000
A159: سفر 3 يوليو
A160: حسن العزب حسن السعدى | B160: 2005-09-30 | C160: 30509302702173 | D160: A39184838 | E160: مطار القاهره | F160: طرابلس | G160: البرنيق | H160: 2026-07-03 | I160: 0.54166667 | J160: المليجي | L160: بالغ | M160: خدمه احاديه (م فقط) | S160: 22000
A161: هيثم عبد التواب عطيه عبد التواب | B161: 1994-02-16 | C161: 29402162300415 | D161: A38040645 | E161: مطار القاهره | F161: طرابلس | G161: البرنيق | H161: 2026-07-03 | I161: 0.54166667 | J161: المليجي | L161: بالغ | M161: خدمه احاديه (م فقط) | S161: 22000
A162: ايداع بنكي بتاريخ 6 يوليو | T162: 1500000
A163: سفر 5 يوليو
A164: عمر اسماعيل اسماعيل محمد الخطيب | B164: 1987-01-25 | C164: 28701250102651 | D164: A34436020 | E164: مطار القاهره | F164: طرابلس | G164: تاج | H164: 2026-07-05 | I164: 0.041666667 | J164: المليجي | L164: بالغ | M164: خدمه احاديه (م فقط) | S164: 22000
A165: تسليم بيد محمد رفعت بتاريخ 7 يوليو | T165: 1220000
...

Sheet رضا
A1: الاسم | B1: تاريخ الميلاد | C1: الرقم القومي | D1: رقم الجواز | E1: المنفذ | F1: جهة السفر | G1: شركة الطيران | H1: تاريخ المغادرة | I1: ميعاد المغادرة | J1: الوكيل | K1: مورد الاستثمار | L1: ملاحظات | M1: نوع الخدمه | N1: ملاحظات | O1: ملاحظات | P1: ملاحظات | Q1: مدين دولار | R1: دائن دولار | S1: مدين مصري | T1: دائن مصري
A2: ما قبله | S2: 0 | T2: 0
A3: تقديم 11 اغسطس
A4: محمد فرج مختار داود | B4: 1987-02-01 | C4: 28702011203531 | D4: A45612841 | E4: مطار برج العرب | F4: بنغازى | G4: اير ليبيا TLR 150 | H4: 2026-08-12 | I4: 0.33333333 | J4: رضا | L4: بالغ | M4: خدمه ثلاثيه | S4: 43225
A5: محمد محمد محمد احمد | B5: 1983-08-15 | C5: 28308152503211 | D5: A41687540 | E5: مطار برج العرب | F5: بنغازى | G5: اير ليبيا TLR 150 | H5: 2026-08-12 | I5: 0.33333333 | J5: رضا | L5: بالغ | M5: خدمه ثلاثيه | S5: 43225
A6: شفيق محمد شفيق عبد المعز محمد | B6: 2000-09-28 | C6: 30009281500033 | D6: A45848861 | E6: مطار برج العرب | F6: بنغازى | G6: اير ليبيا TLR 150 | H6: 2026-08-12 | I6: 0.33333333 | J6: رضا | L6: بالغ | M6: خدمه ثلاثيه | S6: 43225
A7: محمد احمد عطيه صديق | B7: 2008-06-04 | C7: 20806042600996 | D7: A36407577 | E7: مطار برج العرب | F7: بنغازى | G7: اير ليبيا TLR 150 | H7: 2026-08-12 | I7: 0.33333333 | J7: رضا | L7: بالغ | M7: خدمه ثلاثيه | S7: 43225
A8: مهاب محمد يوسف محمد نصار | B8: 1996-06-11 | C8: 29606118800278 | D8: A31611034 | E8: مطار برج العرب | F8: بنغازى | G8: اير ليبيا TLR 150 | H8: 2026-08-12 | I8: 0.33333333 | J8: رضا | L8: بالغ | M8: خدمه ثلاثيه | S8: 43225
A9: بشرى ذكى مبروك السيد حمزه | B9: 1979-06-15 | C9: 27906151800247 | D9: A42683532 | E9: مطار برج العرب | F9: بنغازى | G9: اير ليبيا TLR 150 | H9: 2026-08-12 | I9: 0.33333333 | J9: رضا | L9: انثى | M9: خدمه ثلاثيه | S9: 43225
A10: ياسر عبد الله احمد القطب شتا | B10: 2004-06-01 | C10: 30406011600515 | D10: A44878743 | E10: مطار برج العرب | F10: بنغازى | G10: اير ليبيا TLR 150 | H10: 2026-08-12 | I10: 0.33333333 | J10: رضا | L10: بالغ | M10: خدمه ثلاثيه | S10: 43225
A11: علاء حسن حسنين عيسى | B11: 1990-09-02 | C11: 29009021400935 | D11: A45652568 | E11: مطار برج العرب | F11: بنغازى | G11: اير ليبيا TLR 150 | H11: 2026-08-12 | I11: 0.33333333 | J11: رضا | L11: بالغ | M11: خدمه ثلاثيه | S11: 43225
A12: محمد السيد سليمان محمد | B12: 1986-11-28 | C12: 28611282500137 | D12: A45999417 | E12: مطار برج العرب | F12: بنغازى | G12: اير ليبيا TLR 150 | H12: 2026-08-12 | I12: 0.33333333 | J12: رضا | L12: بالغ | M12: خدمه ثلاثيه | S12: 43225
A13: على عبد الله عبد اللاه على | B13: 1984-08-16 | C13: 28408160104613 | D13: A45727845 | E13: مطار برج العرب | F13: بنغازى | G13: اير ليبيا TLR 150 | H13: 2026-08-12 | I13: 0.33333333 | J13: رضا | L13: بالغ | M13: خدمه ثلاثيه | S13: 43225
A14: محمد اسماعيل فرغلى شهاب الدين | B14: 2005-11-16 | C14: 30511162502971 | D14: A45567807 | E14: مطار برج العرب | F14: بنغازى | G14: اير ليبيا TLR 150 | H14: 2026-08-12 | I14: 0.33333333 | J14: رضا | L14: بالغ | M14: خدمه ثلاثيه | S14: 43225
A15: عبد الله عبد الفتاح عبد الله محمد على | B15: 1995-04-01 | C15: 29504011503834 | D15: A31919885 | E15: مطار برج العرب | F15: بنغازى | G15: اير ليبيا TLR 150 | H15: 2026-08-12 | I15: 0.33333333 | J15: رضا | L15: بالغ | M15: خدمه ثلاثيه | S15: 43225
... A52: شريف على حسين خلف الله | B52: 1998-01-20 | C52: 29801202402676 | D52: A29019659 | E52: مطار برج العرب | F52: بنغازى | G52: اير ليبيا TLR 150 | H52: 2026-08-12 | I52: 0.33333333 | J52: رضا | L52: بالغ | M52: خدمه ثلاثيه | S52: 43225
A53: تقديم 12 اغسطس
A54: عطيه صابر عبد الرسول عبد الفضيل | B54: 1998-05-01 | C54: 29805011504431 | D54: A456441297 | E54: مطار برج العرب | F54: بنغازى | G54: اير ليبيا 7Q 148 | H54: 2026-08-13 | I54: 0.70833333 | J54: رضا | L54: بالغ | M54: خدمه ثلاثيه | S54: 43225
A55: ناصر مرسى احمد مرسى | B55: 1978-10-28 | C55: 27810282300391 | D55: A45885888 | E55: مطار برج العرب | F55: بنغازى | G55: اير ليبيا 7Q 148 | H55: 2026-08-13 | I55: 0.70833333 | J55: رضا | L55: بالغ | M55: خدمه ثلاثيه | S55: 43225
A56: محمد ابراهيم عبد المولى معجوز | B56: 1996-04-23 | C56: 29604231600517 | D56: A41790906 | E56: مطار برج العرب | F56: بنغازى | G56: اير ليبيا 7Q 148 | H56: 2026-08-13 | I56: 0.70833333 | J56: رضا | L56: بالغ | M56: خدمه ثلاثيه | S56: 43225
A57: محمود السيد عباس عباس الغزاوى | B57: 2007-11-18 | C57: 30711181601653 | D57: A45645430 | E57: مطار برج العرب | F57: بنغازى | G57: اير ليبيا 7Q 148 | H57: 2026-08-13 | I57: 0.70833333 | J57: رضا | L57: بالغ | M57: خدمه ثلاثيه | S57: 43225
A58: محمد السيد محمد ابراهيم | B58: 1988-07-20 | C58: 28807201202538 | D58: 424940682 | E58: مطار برج العرب | F58: بنغازى | G58: اير ليبيا 7Q 148 | H58: 2026-08-13 | I58: 0.70833333 | J58: رضا | L58: بالغ | M58: خدمه ثلاثيه | S58: 43225
A59: السيد محمد السيد محمد ابراهيم | B59: 2011-08-11 | C59: 31108111202974 | D59: A39266353 | E59: مطار برج العرب | F59: بنغازى | G59: اير ليبيا 7Q 148 | H59: 2026-08-13 | I59: 0.70833333 | J59: رضا | L59: بالغ | M59: خدمه ثلاثيه | S59: 43225
A60: محمد فاروق بليغ جاد المولى | B60: 1984-11-11 | C60: 28411112500419 | D60: A34056336 | E60: مطار برج العرب | F60: بنغازى | G60: اير ليبيا 7Q 148 | H60: 2026-08-13 | I60: 0.70833333 | J60: رضا | L60: بالغ | M60: خدمه ثلاثيه | S60: 43225
A61: مؤمن محمد عبد القوى الاحول | B61: 1984-10-01 | C61: 28410012304594 | D61: A45413826 | E61: مطار برج العرب | F61: بنغازى | G61: اير ليبيا 7Q 148 | H61: 2026-08-13 | I61: 0.70833333 | J61: رضا | L61: بالغ | M61: خدمه ثلاثيه | S61: 43225
A62: محمد ياسر محمد احمد | B62: 1996-09-17 | C62: 29609172300174 | D62: A45141441 | E62: مطار برج العرب | F62: بنغازى | G62: اير ليبيا 7Q 148 | H62: 2026-08-13 | I62: 0.70833333 | J62: رضا | L62: بالغ | M62: خدمه ثلاثيه | S62: 43225
A63: سعد رجب عبد الرحمن عيسى الفيومى | B63: 1984-03-10 | C63: 28403101503197 | D63: A45831644 | E63: مطار برج العرب | F63: بنغازى | G63: اير ليبيا 7Q 148 | H63: 2026-08-13 | I63: 0.70833333 | J63: رضا | L63: بالغ | M63: خدمه ثلاثيه | S63: 43225
A64: محمد احمد عبد اللطيف عبد المقصود عبد الغفار | B64: 2008-12-24 | C64: 30812241500151 | D64: A44173043 | E64: مطار برج العرب | F64: بنغازى | G64: اير ليبيا 7Q 148 | H64: 2026-08-13 | I64: 0.70833333 | J64: رضا | L64: بالغ | M64: خدمه ثلاثيه | S64: 43225
A65: زياد عمر محمد قطرى | B65: 1999-10-01 | C65: 29910011834715 | D65: A45837919 | E65: مطار برج العرب | F65: بنغازى | G65: اير ليبيا 7Q 148 | H65: 2026-08-13 | I65: 0.70833333 | J65: رضا | L65: بالغ | M65: خدمه ثلاثيه | S65: 43225
... A87: احمد الحاج عباس ابراهيم ابو المعاطى | B87: 1997-09-01 | C87: 29709011502294 | D87: A04585924 | E87: مطار برج العرب | F87: بنغازى | G87: اير ليبيا TLR 150 | H87: 2026-08-12 | I87: 0.29166667 | J87: رضا | L87: بالغ | M87: خدمه ثلاثيه | S87: 43225
A88: سداد في حسابات دروب | T88: 3548250
A89: تقفيل | T89: 39425
I107: اجمالي المديونيه دولار | J107: =SUM(Q:Q)-SUM(R:R) -> 0
I108: اجمالي المديونيه مصري | J108: =SUM(S:S)-SUM(T:T) -> 0
I109: الرئيسيه

Sheet منصور
A1: الاسم | B1: تاريخ الميلاد | C1: الرقم القومي | D1: رقم الجواز | E1: المنفذ | F1: جهة السفر | G1: شركة الطيران | H1: تاريخ المغادرة | I1: ميعاد المغادرة | J1: الوكيل | K1: مورد الاستثمار | L1: ملاحظات | M1: نوع الخدمه | N1: ملاحظات | O1: ملاحظات | P1: ملاحظات | Q1: مدين دولار | R1: دائن دولار | S1: مدين مصري | T1: دائن مصري
A2: ما قبله | Q2: 0 | R2: 0 | T2: 1706643
A3: سفر 22 يونيو طيران وبري
A4: على زارع على مبارك | B4: 1997-09-24 | C4: 29709242201131 | D4: A38095421 | E4: منفذ السلوم | F4: بنغازى | G4: اتوبيس | H4: 2026-06-22 | I4: 0.41666667 | J4: منصور | L4: بالغ | M4: خدمه ثنائيه (م+ا) | S4: 38750
A5: طارق يحى زكريا راشد | B5: 1993-10-01 | C5: 29310011103357 | D5: A39456682 | E5: منفذ السلوم | F5: بنغازى | G5: اتوبيس | H5: 2026-06-22 | I5: 0.41666667 | J5: منصور | L5: بالغ | M5: خدمه ثنائيه (م+ا) | S5: 38750
A6: اسلام حسن عيد حسن | B6: 2005-05-08 | C6: 30505081200814 | D6: A44831301 | E6: منفذ السلوم | F6: بنغازى | G6: اتوبيس | H6: 2026-06-22 | I6: 0.41666667 | J6: منصور | L6: بالغ | M6: خدمه ثنائيه (م+ا) | S6: 38750
A7: محمد محمود عبد التواب محمد | B7: 1999-04-01 | C7: 29904012309355 | D7: A43620541 | E7: منفذ السلوم | F7: بنغازى | G7: اتوبيس | H7: 2026-06-22 | I7: 0.41666667 | J7: منصور | L7: بالغ | M7: خدمه ثنائيه (م+ا) | S7: 38750
A8: ابراهيم المغازي ابراهيم المغازي | B8: 1988-04-20 | C8: 28804201204914 | D8: A29090036 | E8: منفذ السلوم | F8: بنغازى | G8: اتوبيس | H8: 2026-06-22 | I8: 0.41666667 | J8: منصور | L8: بالغ | M8: خدمه ثنائيه (م+ا) | S8: 20750
A9: القطب تيسير عوض القطب | B9: 1995-10-01 | C9: 29510011246556 | D9: A41467318 | E9: منفذ السلوم | F9: بنغازى | G9: اتوبيس | H9: 2026-06-22 | I9: 0.41666667 | J9: منصور | L9: بالغ | M9: خدمه ثنائيه (م+ا) | S9: 20750
A10: محمد يحى زكريا راشد | B10: 1998-10-29 | C10: 29810291100059 | D10: A35204095 | E10: منفذ السلوم | F10: بنغازى | G10: اتوبيس | H10: 2026-06-22 | I10: 0.41666667 | J10: منصور | L10: بالغ | M10: خدمه ثنائيه (م+ا) | S10: 38750
A11: عبد الحميد عثمان على عبد الحميد | B11: 1984-09-08 | C11: 28409082301837 | D11: A44650908 | E11: منفذ السلوم | F11: بنغازى | G11: اتوبيس | H11: 2026-06-22 | I11: 0.41666667 | J11: منصور | L11: بالغ | M11: خدمه ثنائيه (م+ا) | S11: 38750
A12: احمد رمضان محمد على | B12: 1998-09-02 | C12: 29809022300779 | D12: A29377744 | E12: منفذ السلوم | F12: بنغازى | G12: اتوبيس | H12: 2026-06-22 | I12: 0.41666667 | J12: منصور | L12: بالغ | M12: خدمه ثنائيه (م+ا) | S12: 38750
A13: محمود عزت عبد الله ابو العلا طلبه | B13: 2007-03-11 | C13: 30703112101638 | D13: A44661267 | E13: منفذ السلوم | F13: بنغازى | G13: اتوبيس | H13: 2026-06-22 | I13: 0.41666667 | J13: منصور | L13: بالغ | M13: خدمه ثنائيه (م+ا) | S13: 38750
A14: اسلام نشأت عبد المنعم الدسوقى خضر | B14: 2007-10-01 | C14: 30710011236032 | D14: A43514823 | E14: منفذ السلوم | F14: بنغازى | G14: اتوبيس | H14: 2026-06-22 | I14: 0.41666667 | J14: منصور | L14: بالغ | M14: خدمه ثنائيه (م+ا) | S14: 38750
A15: جمعه عبدالعاطي ابو سيف حسن حسين | B15: 1999-06-07 | C15: 29906072201475 | D15: A40997609 | E15: منفذ السلوم | F15: بنغازى | G15: اتوبيس | H15: 2026-06-22 | I15: 0.41666667 | J15: منصور | L15: بالغ | M15: خدمه ثنائيه (م+ا) | S15: 38750
... A42: محمد محمد علي السيد ابراهيم | B42: 1978-01-28 | C42: 27801281201659 | D42: A44811052 | E42: مطار برج العرب | F42: طرابلس | G42: الليبيه | H42: 2026-06-22 | I42: 0.95833333 | J42: منصور | L42: بالغ | M42: خدمه ثنائيه (م+ت) | S42: 18000
A43: تسليم ليد احمد بتاريخ 25 يونيو | T43: 532000
A44: تذاكر الليبيه بنغازي البرج بتاريخ 10 يونيو 4*7250 | S44: =4*7250 -> 29000
A45: فرق سعر تذكره البراق طرابلس القاهره بتاريخ 13 يونيو 1*800 | S45: 800
A46: تذاكر التاج بنغازي البرج بتاريخ 14 يونيو 1*8000 | S46: 8000
A47: تذاكر الليبيه بنغازي البرج بتاريخ 17 يونيو 2*10550 | S47: =2*10550 -> 21100
A48: سفر يوم 23 يونيو
A49: احمد حمدي محمد علي السيد | B49: 1986-01-10 | C49: 28610011346934 | D49: A37004643 | E49: منفذ السلوم | F49: بنغازى | G49: اتوبيس | H49: 2026-06-23 | I49: 0.41666667 | J49: منصور | L49: بالغ | M49: خدمه ثنائيه (م+ا) | S49: 38750
A50: باسم يونس عبدالغني محمد | B50: 1995-07-21 | C50: 29507212400579 | D50: A44139912 | E50: منفذ السلوم | F50: بنغازى | G50: اتوبيس | H50: 2026-06-23 | I50: 0.41666667 | J50: منصور | L50: بالغ | M50: خدمه ثنائيه (م+ا) | S50: 38750
A51: عقيله فرج عمار عبدالله | B51: 1976-09-10 | C51: 27610092401213 | D51: A44138475 | E51: منفذ السلوم | F51: بنغازى | G51: اتوبيس | H51: 2026-06-23 | I51: 0.41666667 | J51: منصور | L51: بالغ | M51: خدمه ثنائيه (م+ا) | S51: 38750
A52: عبدالناصر نوح طرفايه ابو سيف | B52: 1986-07-08 | C52: 28601082403514 | D52: A32889134 | E52: منفذ السلوم | F52: بنغازى | G52: اتوبيس | H52: 2026-06-23 | I52: 0.41666667 | J52: منصور | L52: بالغ | M52: خدمه ثنائيه (م+ا) | S52: 38750
A53: عبدالله دياب شليل سنوسي | B53: 1997-01-05 | C53: 29705012412838 | D53: A30555929 | E53: منفذ السلوم | F53: بنغازى | G53: اتوبيس | H53: 2026-06-23 | I53: 0.41666667 | J53: منصور | L53: بالغ | M53: خدمه ثنائيه (م+ا) | S53: 38750
A54: هيثم يونس عبدالغني محمد | B54: 2000-04-01 | C54: 30001042402215 | D54: A33928538 | E54: منفذ السلوم | F54: بنغازى | G54: اتوبيس | H54: 2026-06-23 | I54: 0.41666667 | J54: منصور | L54: بالغ | M54: خدمه ثنائيه (م+ا) | S54: 38750
A55: جابر يونس فراج سليمان | B55: 1986-04-01 | C55: 28601042500851 | D55: A40278225 | E55: منفذ السلوم | F55: بنغازى | G55: اتوبيس | H55: 2026-06-23 | I55: 0.41666667 | J55: منصور | L55: بالغ | M55: خدمه ثنائيه (م+ا) | S55: 38750
A56: عبد العظيم محمود عبدالعظيم محمد بشندي | B56: 1983-10-24 | C56: 28310241700377 | D56: A44909441 | E56: منفذ السلوم | F56: بنغازى | G56: اتوبيس | H56: 2026-06-23 | I56: 0.41666667 | J56: منصور | L56: بالغ | M56: خدمه ثنائيه (م+ا) | S56: 38750
A57: وليد على محمود روبي | B57: 1985-05-03 | C57: 28505032401295 | D57: A34365878 | E57: منفذ السلوم | F57: بنغازى | G57: اتوبيس | H57: 2026-06-23 | I57: 0.41666667 | J57: منصور | L57: بالغ | M57: خدمه ثنائيه (م+ا) | S57: 38750
A58: عطيه محمد ابراهيم عبداللطيف | B58: 1989-08-27 | C58: 28908272402059 | D58: A43647295 | E58: منفذ السلوم | F58: بنغازى | G58: اتوبيس | H58: 2026-06-23 | I58: 0.41666667 | J58: منصور | L58: بالغ | M58: خدمه ثنائيه (م+ا) | S58: 18000
A59: ايمن ابراهيم محمد ابراهيم | B59: 1994-01-30 | C59: 29401302402071 | D59: A37912489 | E59: منفذ السلوم | F59: بنغازى | G59: اتوبيس | H59: 2026-06-23 | I59: 0.41666667 | J59: منصور | L59: بالغ | M59: خدمه ثنائيه (م+ا) | S59: 38750
A60: رضا فرج عبدالغني منصور | B60: 1990-05-07 | C60: 29005072403194 | D60: A34446539 | E60: منفذ السلوم | F60: بنغازى | G60: اتوبيس | H60: 2026-06-23 | I60: 0.41666667 | J60: منصور | L60: بالغ | M60: خدمه ثنائيه (م+ا) | S60: 38750
... A74: محمود رضا حامد محمدين | B74: 1992-12-19 | C74: 29212192402138 | D74: A39620882 | E74: مطار القاهره | F74: مصراته | G74: البرنيق | H74: 2026-06-23 | I74: 0.95833333 | J74: منصور رافع | L74: بالغ | M74: خدمه احاديه (م فقط) | S74: 18000
A75: تسليم ليد احمد بتاريخ27 يونيو | T75: 619000
A76: سفر يوم 24 يونيو
A77: محمد ابراهيم ابراهيم مسعد فوده | B77: 1984-06-19 | C77: 28406191200251 | D77: A41735956 | E77: منفذ السلوم | F77: بنغازى | G77: اتوبيس | H77: 2026-06-24 | I77: 0.41666667 | J77: منصور | L77: بالغ | M77: خدمه ثنائيه (م+ا) | S77: 38750
A78: الاء محمد ناجي عبدالعليم ابراهيم | B78: 2017-12-09 | C78: 31712092404941 | D78: A43631479 | E78: مطار القاهره | F78: بنغازى | G78: الافريقيه | H78: 2026-06-24 | I78: 0.49652778 | J78: منصور رافع | L78: طفل | M78: خدمه احاديه (م فقط) | S78: 18000
A79: محمد احمد محمد السيد | B79: 1995-09-24 | C79: 29509242301333 | D79: A43644187 | E79: مطار القاهره | F79: بنغازى | G79: الافريقيه | H79: 2026-06-24 | I79: 0.49652778 | J79: منصور رافع | L79: بالغ | M79: خدمه ثلاثيه | S79: 43725
A80: سالم محمد عبد العاطي محمد | B80: 1980-02-21 | C80: 28002212402191 | D80: A44650586 | E80: مطار القاهره | F80: بنغازى | G80: الافريقيه | H80: 2026-06-24 | I80: 0.49652778 | J80: منصور رافع | L80: بالغ | M80: خدمه احاديه (م فقط) | S80: 18000
A81: ايمان محمد ناجي عبدالعليم ابراهيم | B81: 2013-12-25 | C81: 31312252400168 | D81: A43631478 | E81: مطار القاهره | F81: بنغازى | G81: الافريقيه | H81: 2026-06-24 | I81: 0.49652778 | J81: منصور رافع | L81: انثى | M81: خدمه احاديه (م فقط) | S81: 18000
A82: ايه محمد ناجي عبدالعليم | B82: 2011-12-25 | C82: 31112252405624 | D82: A43631473 | E82: مطار القاهره | F82: بنغازى | G82: الافريقيه | H82: 2026-06-24 | I82: 0.49652778 | J82: منصور رافع | L82: انثى | M82: خدمه احاديه (م فقط) | S82: 18000
A83: ابتسام عابد حسين عمار | B83: 1989-09-01 | C83: 28909012406502 | D83: A43631452 | E83: مطار القاهره | F83: بنغازى | G83: الافريقيه | H83: 2026-06-24 | I83: 0.49652778 | J83: منصور رافع | L83: انثى | M83: خدمه احاديه (م فقط) | S83: 18000
A84: محمد فرغل سعيد عبدالحميد | B84: 2004-08-01 | C84: 30408012110875 | D84: A39408028 | E84: مطار القاهره | F84: بنغازى | G84: الافريقيه | H84: 2026-06-24 | I84: 0.49652778 | J84: منصور رافع | L84: بالغ | M84: خدمه ثلاثيه | S84: 43725
A85: عمر سيد على محمد امين | B85: 1987-09-10 | C85: 28709102404054 | D85: A41039642 | E85: مطار القاهره | F85: بنغازى | G85: الافريقيه | H85: 2026-06-24 | I85: 0.49652778 | J85: منصور رافع | L85: بالغ | M85: خدمه ثلاثيه | S85: 43725
A86: عطيه محمد عبد الحليم عبد اللطيف | B86: 1990-12-22 | C86: 29012222301219 | D86: A45155804 | E86: مطار القاهره | F86: بنغازى | G86: الافريقيه | H86: 2026-06-24 | I86: 0.49652778 | J86: منصور رافع | L86: بالغ | M86: خدمه ثلاثيه | S86: 43725
A87: شهد محمد ناجي عبدالعليم ابراهيم | B87: 2022-07-01 | C87: 32207012405583 | D87: A43631474 | E87: مطار القاهره | F87: بنغازى | G87: الافريقيه | H87: 2026-06-24 | I87: 0.49652778 | J87: منصور رافع | L87: طفل | M87: خدمه احاديه (م فقط) | S87: 18000
A88: محمد ناجي عبدالعليم ابراهيم | B88: 1985-11-05 | C88: 28511052403031 | D88: A43631416 | E88: مطار القاهره | F88: بنغازى | G88: الافريقيه | H88: 2026-06-24 | I88: 0.49652778 | J88: منصور رافع | L88: بالغ | M88: خدمه احاديه (م فقط) | S88: 18000
... A109: محمد الشحات الغريب عبداللطيف محمد | B109: 1997-10-10 | C109: 29710101203634 | D109: A44817921 | E109: مطار القاهره | F109: طرابلس | G109: اير كايرو | H109: 2026-06-24 | I109: 0.52430556 | J109: منصور رافع | L109: بالغ | M109: خدمه ثنائيه (م+ت) | S109: 26000
A110: سفر يوم 25 يونيو
A111: محمد ابراهيم احمد حسن | B111: 1992-02-24 | C111: 29202242300697 | D111: A44418404 | E111: منفذ السلوم | F111: بنغازى | G111: اتوبيس | H111: 2026-06-25 | I111: 0.95833333 | J111: منصور | L111: بالغ | M111: خدمه ثنائيه (م+ا) | S111: 38750
A112: صابر عبد الله محمد محمود | B112: 1986-02-04 | C112: 28602042200492 | D112: A28119451 | E112: منفذ السلوم | F112: بنغازى | G112: اتوبيس | H112: 2026-06-25 | I112: 0.95833333 | J112: منصور | L112: بالغ | M112: خدمه ثنائيه (م+ا) | S112: 38750
A113: عبد التواب جمعه ابوبكر سليمان | B113: 1986-01-07 | C113: 28601072300857 | D113: A33544747 | E113: منفذ السلوم | F113: بنغازى | G113: اتوبيس | H113: 2026-06-25 | I113: 0.95833333 | J113: منصور | L113: بالغ | M113: خدمه ثنائيه (م+ا) | S113: 38750
A114: رمضان رشد احمد عوض | B114: 1994-04-16 | C114: 29404162300931 | D114: A45157328 | E114: منفذ السلوم | F114: بنغازى | G114: اتوبيس | H114: 2026-06-25 | I114: 0.95833333 | J114: منصور | L114: بالغ | M114: خدمه ثنائيه (م+ا) | S114: 38750
A115: محمود حسن مرسى على | B115: 1983-12-21 | C115: 28312212201399 | D115: A31169533 | E115: منفذ السلوم | F115: بنغازى | G115: اتوبيس | H115: 2026-06-25 | I115: 0.95833333 | J115: منصور | L115: بالغ | M115: خدمه ثنائيه (م+ا) | S115: 38750
A116: احمد على فرج محمد | B116: 1983-02-01 | C116: 28302012303531 | D116: A31552957 | E116: منفذ السلوم | F116: بنغازى | G116: اتوبيس | H116: 2026-06-25 | I116: 0.95833333 | J116: منصور | L116: بالغ | M116: خدمه ثنائيه (م+ا) | S116: 38750
A117: أحمد محمد عبد الحميد عوده | B117: 1991-10-20 | C117: 29110202202992 | D117: A31400451 | E117: منفذ السلوم | F117: بنغازى | G117: اتوبيس | H117: 2026-06-25 | I117: 0.95833333 | J117: منصور | L117: بالغ | M117: خدمه ثنائيه (م+ا) | S117: 38750
A118: حسن حمدى راضى محمد | B118: 1994-06-12 | C118: 29406122301058 | D118: A44396549 | E118: منفذ السلوم | F118: بنغازى | G118: اتوبيس | H118: 2026-06-25 | I118: 0.95833333 | J118: منصور | L118: بالغ | M118: خدمه ثنائيه (م+ا) | S118: 38750
A119: اسلام ابراهيم احمد حسن | B119: 1997-05-01 | C119: 29705012305373 | D119: A28099611 | E119: منفذ السلوم | F119: بنغازى | G119: اتوبيس | H119: 2026-06-25 | I119: 0.95833333 | J119: منصور | L119: بالغ | M119: خدمه ثنائيه (م+ا) | S119: 38750
A120: اسلام نادى محمد احمد | B120: 1995-03-04 | C120: 29503042300978 | D120: A26010544 | E120: منفذ السلوم | F120: بنغازى | G120: اتوبيس | H120: 2026-06-25 | I120: 0.95833333 | J120: منصور | L120: بالغ | M120: خدمه ثنائيه (م+ا) | S120: 38750
A121: ياسين عبد العاطى محمد عطا | B121: 1984-05-17 | C121: 28405172501058 | D121: A39290093 | E121: منفذ السلوم | F121: بنغازى | G121: اتوبيس | H121: 2026-06-25 | I121: 0.95833333 | J121: منصور | L121: بالغ | M121: خدمه ثنائيه (م+ا) | S121: 38750
A122: ايمن انور حسن احمد الصعيدى | B122: 1979-06-16 | C122: 27906160103451 | D122: A31636240 | E122: منفذ السلوم | F122: بنغازى | G122: اتوبيس | H122: 2026-06-25 | I122: 0.95833333 | J122: منصور | L122: بالغ | M122: خدمه ثنائيه (م+ا) | S122: 38750
... A128: سامي عبد اللطيف السيد عبد اللطيف | B128: 1982-11-01 | C128: 28211011804051 | D128: A29062630 | E128: منفذ السلوم | F128: بنغازى | G128: اتوبيس | H128: 2026-06-25 | I128: 0.95833333 | J128: منصور | L128: بالغ | M128: خدمه ثنائيه (م+ا) | S128: 38750
A129: محمد هيثم ابرهيم سعد ابراهيم | B129: 2008-09-01 | C129: 30809011515515 | D129: A45113151 | E129: مطار برج العرب | F129: بنغازى | G129: اير ليبيا | H129: 2026-06-25 | I129: 0.83333333 | J129: منصور رافع | L129: بالغ | M129: خدمه ثنائيه (م+ت) | N129: 43225 | S129: 43225
A130: ايمن رشاد محمد سعيد | B130: 1990-07-01 | C130: 29007012303673 | D130: A44124410 | E130: مطار برج العرب | F130: بنغازى | G130: اير ليبيا | H130: 2026-06-25 | I130: 0.83333333 | J130: منصور رافع | L130: بالغ | M130: خدمه ثنائيه (م+ت) | N130: 43225 | S130: 43225
A131: هاني احمد احمد سلامه | B131: 1985-04-02 | C131: 28504021803751 | D131: A28482596 | E131: مطار برج العرب | F131: بنغازى | G131: اير ليبيا | H131: 2026-06-25 | I131: 0.83333333 | J131: منصور رافع | L131: بالغ | M131: خدمه ثنائيه (م+ت) | N131: 43225 | S131: 43225
A132: مصطفى محمد رجب عبدالفتاح | B132: 1990-10-15 | C132: 29010150102613 | D132: A44882429 | E132: مطار برج العرب | F132: بنغازى | G132: اير ليبيا | H132: 2026-06-25 | I132: 0.83333333 | J132: منصور رافع | L132: بالغ | M132: خدمه ثنائيه (م+ت) | N132: 43225 | S132: 43225
A133: فرحات فرج منصور فرج | B133: 1998-03-09 | C133: 29803091800416 | D133: A31069397 | E133: مطار برج العرب | F133: بنغازى | G133: تاج | H133: 2026-06-25 | I133: 0.83333333 | J133: منصور رافع | L133: بالغ | M133: خدمه ثلاثيه | N133: 43225 | S133: 25225
A134: احمد محمد عبدالفتاح عبدالحليم | B134: 1995-12-05 | C134: 29512052402158 | D134: A28328397 | E134: مطار برج العرب | F134: بنغازى | G134: اير ليبيا | H134: 2026-06-25 | I134: 0.83333333 | J134: منصور رافع | L134: بالغ | M134: خدمه ثنائيه (م+ت) | N134: 43225 | S134: 43225
A135: محمود محمد عبدالفتاح عبدالحليم | B135: 2011-01-09 | C135: 31101092401374 | D135: A44659534 | E135: مطار برج العرب | F135: بنغازى | G135: اير ليبيا | H135: 2026-06-25 | I135: 0.83333333 | J135: منصور رافع | L135: بالغ | M135: خدمه ثنائيه (م+ت) | N135: 43225 | S135: 43225
A136: محمد عبدالحميد محمد حسن | B136: 1988-08-05 | C136: 28808052401359 | D136: A33117917 | E136: مطار برج العرب | F136: بنغازى | G136: اير ليبيا | H136: 2026-06-25 | I136: 0.83333333 | J136: منصور رافع | L136: بالغ | M136: خدمه ثنائيه (م+ت) | N136: 43225 | S136: 43225
A137: مؤمن البسيوني محمد احمد العباسي | B137: 2007-09-16 | C137: 30709161604295 | D137: A37492026 | E137: مطار برج العرب | F137: بنغازى | G137: اير ليبيا | H137: 2026-06-25 | I137: 0.83333333 | J137: منصور رافع | L137: بالغ | M137: خدمه ثنائيه (م+ت) | N137: 43225 | S137: 43225
A138: احمد حماده عبده احمد الدامي | B138: 2001-03-14 | C138: 30103141200354 | D138: A3367270 | E138: مطار برج العرب | F138: بنغازى | G138: اير ليبيا | H138: 2026-06-25 | I138: 0.83333333 | J138: منصور رافع | L138: بالغ | M138: خدمه ثلاثيه | N138: 43225 | S138: 43225
A139: على عماد على على محمد | B139: 1997-09-20 | C139: 29709201208716 | D139: A29725668 | E139: مطار برج العرب | F139: بنغازى | G139: اير ليبيا | H139: 2026-06-25 | I139: 0.83333333 | J139: منصور رافع | L139: بالغ | M139: خدمه ثنائيه (م+ت) | N139: 43225 | S139: 43225
A140: حماده عبدالنظير عبدالموجود محمد | B140: 1986-02-02 | C140: 28602022502897 | D140: A45151118 | E140: مطار برج العرب | F140: بنغازى | G140: اير ليبيا | H140: 2026-06-25 | I140: 0.83333333 | J140: منصور رافع | L140: بالغ | M140: خدمه ثنائيه (م+ت) | N140: 43225 | S140: 43225
... A152: ابراهيم خليل ابراهيم خليل ابراهيم | B152: 1993-02-13 | C152: 29302131500357 | D152: A39149370 | E152: مطار برج العرب | F152: بنغازى | G152: اير ليبيا | H152: 2026-06-25 | I152: 0.83333333 | J152: منصور رافع | L152: بالغ | M152: خدمه ثنائيه (م+ت) | N152: 43225 | S152: 43225
A153: ايداع بنكي بتاريخ 23 يونيو | T153: 20000
A154: ايداع بنكي بتاريخ 24 يونيو | T154: 30000
A155: اياداع بنكي بتاريخ 24 يونيو | T155: 52580
A156: اياداع بنكي بتاريخ24 يونيو | T156: 200000
A157: اياداع بنكي بتاريخ24 يونيو | T157: 20000
A158: اياداع بنكي بتاريخ24 يونيو | T158: 100000
A159: اياداع بنكي بتاريخ24 يونيو | T159: 61000
A160: اياداع بنكي بتاريخ 26 يونيو | T160: 25700
A161: اياداع بنكي بتاريخ 27 يونيو | T161: 47000
A162: اياداع بنكي بتاريخ 27 يونيو | T162: 5500
A163: اياداع بنكي بتاريخ 27 يونيو | T163: 50000
A164: اياداع بنكي بتاريخ 27 يونيو | T164: 29000
... A173: اياداع بنكي بتاريخ 29 يونيو | T173: 50000
A174: سفر يوم 26 يونيو
A175: احمد حماده توفيق عبد المعتمد يوسف | B175: 2011-01-20 | C175: 31101202400875 | D175: A42473202 | E175: مطار برج العرب | F175: بنغازى | G175: الافريقيه | H175: 2026-06-26 | I175: 0.125 | J175: منصور | L175: بالغ | M175: خدمه ثلاثيه | S175: 43225
A176: احمد عبد الرحمن صلاح عبد الرحمن | B176: 2001-07-10 | C176: 30107102406277 | D176: A34852646 | E176: مطار برج العرب | F176: بنغازى | G176: الافريقيه | H176: 2026-06-26 | I176: 0.125 | J176: منصور | L176: بالغ | M176: خدمه ثلاثيه | S176: 43225
A177: احمد محمود محمد احمد سعيد | B177: 1987-01-01 | C177: 28701011254199 | D177: A41084563 | E177: مطار القاهره | F177: بنغازى | G177: مصر للطيران | H177: 2026-06-26 | I177: 0.125 | J177: منصور | L177: بالغ | M177: خدمه احاديه (م فقط) | S177: 18000
A178: حسام سداد فاروق توفيق عبد الرحيم | B178: 2008-11-12 | C178: 30811122400398 | D178: A44422142 | E178: مطار برج العرب | F178: بنغازى | G178: الافريقيه | H178: 2026-06-26 | I178: 0.125 | J178: منصور | L178: بالغ | M178: خدمه ثلاثيه | S178: 43225
A179: طعيمه محمد احمد عبده منصور | B179: 1988-01-01 | C179: 28801011250937 | D179: A35076134 | E179: مطار القاهره | F179: بنغازى | G179: مصر للطيران | H179: 2026-06-26 | I179: 0.125 | J179: منصور | L179: بالغ | M179: خدمه احاديه (م فقط) | S179: 18000
A180: عبد الله صابر على صابر | B180: 1993-03-28 | C180: 29303282300518 | D180: A35632441 | E180: مطار برج العرب | F180: بنغازى | G180: الافريقيه | H180: 2026-06-26 | I180: 0.125 | J180: منصور | L180: بالغ | M180: خدمه ثلاثيه | S180: 43225
A181: فراج سعد ابراهيم فرج | B181: 1988-10-01 | C181: 28810012417818 | D181: A32997250 | E181: مطار برج العرب | F181: بنغازى | G181: الافريقيه | H181: 2026-06-26 | I181: 0.125 | J181: منصور | L181: بالغ | M181: خدمه ثلاثيه | S181: 43225
A182: محمود محمد احمد شحاته ابو الهوى | B182: 1994-09-29 | C182: 29409291501898 | D182: A44792738 | E182: مطار برج العرب | F182: بنغازى | G182: الافريقيه | H182: 2026-06-26 | I182: 0.53125 | J182: منصور | L182: بالغ | M182: خدمه ثلاثيه | S182: 25225
A183: مصطفى رفعت عبد الجواد عبد العزيز | B183: 1987-02-24 | C183: 28702241500659 | D183: A33875750 | E183: مطار القاهره | F183: طرابلس | G183: اير كايرو | H183: 2026-06-26 | I183: 0.375 | J183: منصور | L183: بالغ | M183: خدمه احاديه (م فقط) | S183: 18000
...

Sheet صابر
A1: الاسم | B1: تاريخ الميلاد | C1: الرقم القومي | D1: رقم الجواز | E1: المنفذ | F1: جهة السفر | G1: شركة الطيران | H1: تاريخ المغادرة | I1: ميعاد المغادرة | J1: الوكيل | K1: مورد الاستثمار | L1: ملاحظات | M1: نوع الخدمه | N1: ملاحظات | O1: ملاحظات | P1: ملاحظات | Q1: مدين دولار | R1: دائن دولار | S1: مدين مصري | T1: دائن مصري
A2: ما قبله | Q2: 0 | R2: 0 | T2: 0
A3: تقديم 18 يوليو
A4: محمد عبد الغنى محمد عبد الغنى | B4: 2001-12-06 | C4: 30112061500577 | D4: A28663596 | E4: مطار برج العرب | F4: بنغازى | G4: الليبيه LN 209 | H4: 2026-07-19 | I4: 0.25 | J4: صابر | L4: بالغ | M4: خدمه ثلاثيه | S4: 43425
A5: عبد الحميد السيد مجاهد يونس ابو العنين | B5: 2004-06-20 | C5: 30406201204853 | D5: A44538597 | E5: مطار برج العرب | F5: بنغازى | G5: الليبيه LN 209 | H5: 2026-07-19 | I5: 0.25 | J5: صابر | L5: بالغ | M5: خدمه ثلاثيه | S5: 43425
A6: محمد شعبان احمد حبيب | B6: 1986-06-26 | C6: 28606262300871 | D6: A45404936 | E6: مطار برج العرب | F6: بنغازى | G6: الليبيه LN 209 | H6: 2026-07-19 | I6: 0.25 | J6: صابر | L6: بالغ | M6: خدمه ثلاثيه | S6: 43425
A7: احمد عبد الرحمن مسعود ابراهيم | B7: 1994-06-28 | C7: 29406280201613 | D7: A45335013 | E7: مطار برج العرب | F7: بنغازى | G7: الليبيه LN 209 | H7: 2026-07-19 | I7: 0.25 | J7: صابر | L7: بالغ | M7: خدمه ثلاثيه | S7: 43425
A8: ليان احمد عبد الرحمن مسعود ابراهيم | B8: 2024-09-17 | C8: 32409170202241 | D8: A45269911 | E8: مطار برج العرب | F8: بنغازى | G8: الليبيه LN 209 | H8: 2026-07-19 | I8: 0.25 | J8: صابر | L8: رضيع | M8: خدمه ثلاثيه | S8: 20200
A9: ابراهيم رشدى السيد على الكلاف | B9: 2008-08-01 | C9: 108059 | D9: A44922562 | E9: مطار برج العرب | F9: بنغازى | G9: الليبيه LN 209 | H9: 2026-07-19 | I9: 0.25 | J9: صابر | L9: بالغ | M9: خدمه ثلاثيه | S9: 43425
A10: عمر انور سويسى عوض شحاته | B10: 2010-02-13 | C10: 31002132403474 | D10: A45408554 | E10: مطار برج العرب | F10: بنغازى | G10: الليبيه LN 209 | H10: 2026-07-19 | I10: 0.25 | J10: صابر | L10: بالغ | M10: خدمه ثلاثيه | S10: 43425
A11: ايداع بنكي بتاريخ 17 يوليو | T11: 50000
A12: ايداع بنكي بتاريخ 19 يوليو | T12: 23000
A13: ايداع بنكي بتاريخ 19 يوليو | T13: 50000
A14: ايداع بنكي بتاريخ 18 يوليو | T14: 70000
A15: ايداع بنكي بتاريخ 17 يوليو | T15: 210000
A16: ايداع بنكي بتاريخ 19 يوليو | T16: 20000
A17: تقديم 19 يوليو
A18: حمدی محمد حسون السيد | B18: 1985-01-02 | C18: 28501021603095 | D18: A32808427 | E18: مطار القاهره | F18: طرابلس | G18: اير كايرو SM 231 | H18: 2026-07-21 | I18: 0.41666667 | J18: صابر | L18: بالغ | M18: خدمه ثنائيه (م+ت) | S18: 26200
A19: ايمن محمد احمد اسماعيل | B19: 1977-05-29 | C19: 27705292602036 | D19: A45548319 | E19: مطار القاهره | F19: طرابلس | G19: اير كايرو SM 231 | H19: 2026-07-21 | I19: 0.41666667 | J19: صابر | L19: بالغ | M19: خدمه ثنائيه (م+ت) | S19: 26200
A20: مصطفى بسيونى عبد اللطيف السناط | B20: 1985-03-09 | C20: 28503091501691 | D20: A36883023 | E20: منفذ السلوم | F20: بنغازى | G20: اتوبيس السلوم | H20: 2026-07-20 | I20: 0.41666667 | J20: صابر | L20: بالغ | M20: خدمه ثنائيه (م+ا) | S20: 38950
A21: اسراء عوض على حسين الباز الزيات | B21: 2005-02-01 | C21: 30502011211984 | D21: A44546599 | E21: منفذ السلوم | F21: بنغازى | G21: اتوبيس السلوم | H21: 2026-07-20 | I21: 0.41666667 | J21: صابر | L21: انثى | M21: خدمه ثنائيه (م+ا) | S21: 28330
A22: مى قطب ابراهيم شتيوى | B22: 2005-04-19 | C22: 30504191600722 | D22: A34907799 | E22: منفذ السلوم | F22: بنغازى | G22: اتوبيس السلوم | H22: 2026-07-20 | I22: 0.41666667 | J22: صابر | L22: انثى | M22: خدمه ثنائيه (م+ا) | S22: 28330
A23: اميره محمد حماده عباس | B23: 2005-01-01 | C23: 30501012622787 | D23: A04395453 | E23: منفذ السلوم | F23: بنغازى | G23: اتوبيس السلوم | H23: 2026-07-20 | I23: 0.41666667 | J23: صابر | L23: انثى | M23: خدمه ثنائيه (م+ا) | S23: 28330
A24: حسناء رضا محمود ابراهيم | B24: 2002-07-31 | C24: 30207312400543 | D24: A34859524 | E24: منفذ السلوم | F24: بنغازى | G24: اتوبيس السلوم | H24: 2026-07-20 | I24: 0.41666667 | J24: صابر | L24: انثى | M24: خدمه ثنائيه (م+ا) | S24: 28330
A25: خلود ممدوح سلامه سليم | B25: 2005-08-30 | C25: 30508301500384 | D25: A34907941 | E25: منفذ السلوم | F25: بنغازى | G25: اتوبيس السلوم | H25: 2026-07-20 | I25: 0.41666667 | J25: صابر | L25: انثى | M25: خدمه ثنائيه (م+ا) | S25: 28330
A26: حماده رشدى عبد القادر محمد | B26: 1996-09-22 | C26: 38105843096092223106257 | D26: A38105843 | E26: منفذ السلوم | F26: بنغازى | G26: اتوبيس السلوم | H26: 2026-07-20 | I26: 0.41666667 | J26: صابر | L26: بالغ | M26: خدمه ثنائيه (م+ا) | S26: 38950
A27: ايداع بنكي بتاريخ 20 يوليو | T27: 50000
A28: ايداع بنكي بتاريخ 20 يوليو | T28: 1000000
A29: تقديم 21 يوليو
A30: محمد ابراهيم الدسوقى الشعيبى | B30: 2009-01-16 | C30: 30901161400299 | D30: A41774989 | E30: مطار برج العرب | F30: بنغازى | G30: اير ليبيا 7Q 148 | H30: 2026-07-22 | I30: 0.33333333 | J30: صابر | L30: بالغ | M30: خدمه ثلاثيه | S30: 43425
A31: محمد فهمى محمد محمد سبوخ | B31: 1983-04-01 | C31: 28304011502835 | D31: A41808619 | E31: مطار القاهره | F31: طرابلس | G31: اير كايرو SM 231 | H31: 2026-07-23 | I31: 0.52430556 | J31: صابر | L31: بالغ | M31: خدمه ثنائيه (م+ت) | S31: 26200
A32: سعيد محمد مصطفى غنومه | B32: 1988-04-25 | C32: 28804251501057 | D32: A45342665 | E32: مطار القاهره | F32: طرابلس | G32: اير كايرو SM 231 | H32: 2026-07-23 | I32: 0.52430556 | J32: صابر | L32: بالغ | M32: خدمه ثنائيه (م+ت) | S32: 26200
A33: احمد سيد عبد العزيز رمضان | B33: 1991-04-20 | C33: 29104202202275 | D33: A44944390 | E33: مطار برج العرب | F33: بنغازى | G33: اير ليبيا 7Q 148 | H33: 2026-07-22 | I33: 0.33333333 | J33: صابر | L33: بالغ | M33: خدمه ثلاثيه | S33: 43425
A34: يوسف محمد عبد السلام محمد نصر | B34: 2010-03-21 | C34: 31003211700073 | D34: A45598071 | E34: مطار برج العرب | F34: بنغازى | G34: اير ليبيا 7Q 148 | H34: 2026-07-22 | I34: 0.33333333 | J34: صابر | L34: بالغ | M34: خدمه ثلاثيه | S34: 43425
A35: محمد البسطويسى محمد البسطويسى | B35: 1988-07-02 | C35: 28807021500271 | D35: A45270075 | E35: مطار برج العرب | F35: بنغازى | G35: اير ليبيا 7Q 148 | H35: 2026-07-22 | I35: 0.33333333 | J35: صابر | L35: بالغ | M35: خدمه ثلاثيه | S35: 43425
A36: محمد محسن محمد عبد اللاه | B36: 2010-06-21 | C36: 31006212200391 | D36: A42258646 | E36: مطار برج العرب | F36: بنغازى | G36: اير ليبيا 7Q 148 | H36: 2026-07-22 | I36: 0.33333333 | J36: صابر | L36: بالغ | M36: خدمه ثلاثيه | S36: 43425
A37: خالد مختار عبد الرحمن عبد المجيد | B37: 1983-11-02 | C37: 28311021401472 | D37: A45675552 | E37: مطار برج العرب | F37: بنغازى | G37: اير ليبيا 7Q 148 | H37: 2026-07-22 | I37: 0.33333333 | J37: صابر | L37: بالغ | M37: خدمه ثلاثيه | S37: 43425
A38: محمد احمد محمد زغلول الودنه | B38: 1990-05-20 | C38: 29005201501777 | D38: A45358973 | E38: مطار القاهره | F38: طرابلس | G38: اير كايرو SM 231 | H38: 2026-07-23 | I38: 0.52430556 | J38: صابر | L38: بالغ | M38: خدمه ثنائيه (م+ت) | S38: 26200
A39: وائل احمد محمد محمد زغلول الودنه | B39: 1984-06-07 | C39: 28406071501355 | D39: A45345703 | E39: مطار القاهره | F39: طرابلس | G39: اير كايرو SM 231 | H39: 2026-07-23 | I39: 0.52430556 | J39: صابر | L39: بالغ | M39: خدمه ثنائيه (م+ت) | S39: 26200
A40: محمد على حسين ضيف | B40: 1990-11-19 | C40: 29011192201099 | D40: A44952416 | E40: مطار برج العرب | F40: بنغازى | G40: اير ليبيا 7Q 148 | H40: 2026-07-22 | I40: 0.33333333 | J40: صابر | L40: بالغ | M40: خدمه ثلاثيه | S40: 43425
A41: رمضان محمد عبد اللاه محمد | B41: 2000-12-03 | C41: 30012032200632 | D41: A42084988 | E41: مطار برج العرب | F41: بنغازى | G41: اير ليبيا 7Q 148 | H41: 2026-07-22 | I41: 0.33333333 | J41: صابر | L41: بالغ | M41: خدمه ثلاثيه | S41: 43425
... A63: محمد عزت محمد بسيونى عشماوى | B63: 1998-06-24 | C63: 29806241500512 | D63: A37156946 | E63: مطار برج العرب | F63: بنغازى | G63: الليبيه LN 209 | H63: 2026-07-24 | I63: 0.83333333 | J63: صابر | L63: بالغ | M63: خدمه ثلاثيه | S63: 43425
A64: ايداع بنكي بتاريخ 20 يوليو | T64: 11000
A65: ايداع بنكي بتاريخ 20 يوليو | T65: 45000
A66: ايداع بنكي بتاريخ 22 يوليو | T66: 50000
A67: ايداع بنكي بتاريخ 22 يوليو | T67: 27500
A68: ايداع بنكي بتاريخ 22 يوليو | T68: 45000
A69: تسليم في الشركه بتاريخ 24 يوليو | T69: 500000
A70: تقديم 23 يوليو
A71: فتحى محمد عبد الغنى ابو غنيمه | B71: 1987-06-06 | C71: 28706062403158 | D71: A27786869 | E71: مطار القاهره | F71: بنغازى | G71: الليبيه LN 207 | H71: 2026-07-26 | I71: 0.41666667 | J71: صابر | L71: بالغ | M71: خدمه ثلاثيه | S71: 43925
A72: عمر سالم عبد الموجود محمد | B72: 1994-08-21 | C72: 29408212400911 | D72: A45399270 | E72: مطار القاهره | F72: بنغازى | G72: الليبيه LN 207 | H72: 2026-07-26 | I72: 0.41666667 | J72: صابر | L72: بالغ | M72: خدمه ثلاثيه | S72: 43925
A73: محمود محمد عمر محمد | B73: 1986-04-23 | C73: 28604232401379 | D73: A26578553 | E73: مطار القاهره | F73: بنغازى | G73: الليبيه LN 207 | H73: 2026-07-26 | I73: 0.41666667 | J73: صابر | L73: بالغ | M73: خدمه ثلاثيه | S73: 43925
A74: سامح فهيم طوبيا عبد الملاك | B74: 1989-12-24 | C74: 28912242401837 | D74: A37685610 | E74: مطار القاهره | F74: بنغازى | G74: الليبيه LN 207 | H74: 2026-07-26 | I74: 0.41666667 | J74: صابر | L74: بالغ | M74: خدمه ثلاثيه | S74: 43925
A75: ميام فرحات شفيق حنس | B75: 1993-04-17 | C75: 29304172401196 | D75: A41043752 | E75: مطار القاهره | F75: بنغازى | G75: الليبيه LN 207 | H75: 2026-07-26 | I75: 0.41666667 | J75: صابر | L75: بالغ | M75: خدمه ثلاثيه | S75: 43925
A76: تقديم 24 يوليو
A77: فتحى عوض فتحى البدوى المرسى | B77: 1986-06-18 | C77: 28606181200996 | D77: A447968831 | E77: مطار برج العرب | F77: بنغازى | G77: اير ليبيا 7Q 148 | H77: 2026-07-25 | I77: 0.70833333 | J77: صابر | L77: بالغ | M77: خدمه ثلاثيه | S77: 43425
A78: خالد حسن عبده العزازى | B78: 1982-01-23 | C78: 28201230300039 | D78: A45605898 | E78: مطار برج العرب | F78: بنغازى | G78: اير ليبيا 7Q 148 | H78: 2026-07-25 | I78: 0.70833333 | J78: صابر | L78: بالغ | M78: خدمه ثلاثيه | S78: 43425
A79: مصطفى خلف محمد حسن | B79: 2002-10-14 | C79: 30210142400277 | D79: A38280854 | E79: مطار برج العرب | F79: بنغازى | G79: اير ليبيا 7Q 148 | H79: 2026-07-25 | I79: 0.70833333 | J79: صابر | L79: بالغ | M79: خدمه ثلاثيه | S79: 43425
A80: عمر عيد عبد العاطى مختار | B80: 2004-06-19 | C80: 30406192403856 | D80: A45569568 | E80: مطار برج العرب | F80: بنغازى | G80: اير ليبيا 7Q 148 | H80: 2026-07-25 | I80: 0.70833333 | J80: صابر | L80: بالغ | M80: خدمه ثلاثيه | S80: 43425
A81: قاسم عبد الله محمد عبد الله | B81: 2003-10-26 | C81: 30310262400518 | D81: A44402986 | E81: مطار برج العرب | F81: بنغازى | G81: اير ليبيا 7Q 148 | H81: 2026-07-25 | I81: 0.70833333 | J81: صابر | L81: بالغ | M81: خدمه ثلاثيه | S81: 43425
A82: تقديم 25 يوليو
A83: سعيد احمد محمد زغلول | B83: 1969-03-20 | C83: 26903201501073 | D83: A31833322 | E83: مطار برج العرب | F83: طرابلس | G83: الافريقيه 8U 437 | H83: 2026-07-26 | I83: 0.41666667 | J83: صابر | L83: بالغ | M83: خدمه ثنائيه (م+ت) | S83: 25200
A84: على محمد سليمان عبد الله | B84: 1994-01-02 | C84: 29401022405971 | D84: A44952519 | E84: مطار القاهره | F84: بنغازي | G84: اويا YI 593 | H84: 2026-07-26 | I84: 0.41666667 | J84: صابر | L84: بالغ | M84: ثلاثيه | S84: 43925 | U84: طرابلس
A85: ايداع بنكي بتاريخ 23 يوليو | T85: 500000
A86: ايداع بنكي بتاريخ 23 يوليو | T86: 8500
A87: ايداع بنكي بتاريخ 25 يوليو | T87: 31000
A88: ايداع بنكي بتاريخ 25 يوليو | T88: 2670
A89: ايداع بنكي بتاريخ 25 يوليو | T89: 70000
A90: ايداع بنكي بتاريخ 25 يوليو | T90: 45000
A91: ايداع بنكي بتاريخ 25 يوليو | T91: 37000
A92: تسليم في الشركه بتاريخ 26 يوليو | T92: 2000000
A93: ايداع بنكي بتاريخ 26 يوليو | T93: 45000
A94: ايداع بنكي بتاريخ 26 يوليو | T94: 35000
A95: تقديم 26 يوليو
A96: محمد عبد القادر محمد النادي | B96: 1979-08-29 | C96: 27908291701659 | D96: A34039268 | E96: مطار القاهره | F96: بنغازى | G96: مصر للطيران MS 829 | H96: 2026-07-28 | I96: 0.16666667 | J96: صابر | L96: بالغ | M96: خدمه ثلاثيه | S96: 43925
A97: هبه محمد فرج ابراهيم | B97: 1984-08-03 | C97: 28408032401087 | D97: A31402483 | E97: مطار برج العرب | F97: بنغازى | G97: اير ليبيا 7Q 148 | H97: 2026-07-27 | I97: 0.125 | J97: صابر | L97: انثى | M97: خدمه ثلاثيه | S97: 35330
A98: زياد خالد عبد النبي عمار عبد النبي | B98: 2010-07-05 | C98: 31007052403734 | D98: A31402450 | E98: مطار برج العرب | F98: بنغازى | G98: اير ليبيا 7Q 148 | H98: 2026-07-27 | I98: 0.125 | J98: صابر | L98: بالغ | M98: خدمه ثلاثيه | S98: 43425
A99: رامي محمود احمد عرابي | B99: 1986-02-25 | C99: 28602251601718 | D99: A36763174 | E99: مطار برج العرب | F99: بنغازى | G99: البراق UZ 131 | H99: 2026-07-29 | I99: 0.91666667 | J99: صابر | L99: بالغ | M99: احاديه | S99: 22200
A100: جمعه فرغلى احمد حسين فرغلى | B100: 2010-04-19 | C100: 31004192500633 | D100: A45413684 | E100: مطار برج العرب | F100: بنغازى | G100: اير ليبيا 7Q 148 | H100: 2026-07-27 | I100: 0.29166667 | J100: صابر | L100: بالغ | M100: خدمه ثلاثيه | S100: 43425
A101: عوض محمد عبيد يوسف | B101: 1991-02-13 | C101: 29102132401574 | D101: A28568701 | E101: مطار القاهره | F101: بنغازى | G101: الليبيه LN 207 | H101: 2026-07-28 | I101: 0.41666667 | J101: صابر | L101: بالغ | M101: خدمه ثلاثيه | S101: 43925
A102: اسحق محمد سيد عويس | B102: 1985-04-27 | C102: 28504272300074 | D102: A42755242 | E102: منفذ السلوم | F102: بنغازى | G102: اتوبيس السلوم | H102: 2026-07-27 | I102: 0.83333333 | J102: صابر | L102: بالغ | M102: خدمه ثنائيه (م+ا) | S102: 38950
A103: ايمن محمد محمد السعيد بدران | B103: 2004-03-30 | C103: 20403301600757 | D103: A38137407 | E103: مطار برج العرب | F103: بنغازى | G103: اير ليبيا 7Q 148 | H103: 2026-07-27 | I103: 0.25 | J103: صابر | L103: بالغ | M103: خدمه ثلاثيه | S103: 43425
A104: ايداع بنكي بتاريخ 26 يوليو | T104: 48700
A105: ايداع بنكي بتاريخ 26 يوليو | T105: 39300
A106: ايداع بنكي بتاريخ 26 يوليو | T106: 25000
A107: ايداع بنكي بتاريخ 27 يوليو | T107: 10000
A108: ايداع بنكي بتاريخ 27 يوليو | T108: 30000
A109: ايداع بنكي بتاريخ 27 يوليو | T109: 260000
A110: ايداع بنكي تاريخ 27 يوليو | T110: 44000
A111: تحويل لحساب منصور | S111: 400000
A112: غرامه استثمار | Q112: 150
A113: تقديم 27 يوليو
A114: حسن محمد عبد العال محمد | B114: 1977-08-06 | C114: 27708062501515 | D114: A45403904 | E114: مطار برج العرب | F114: طرابلس | G114: الليبيه LN 211 | H114: 2026-07-31 | I114: 0.41666667 | J114: صابر | L114: بالغ | M114: خدمه ثنائيه (م+ت) | S114: 25200
A115: محمد محمد عبد الحفيظ المهر | B115: 1976-04-17 | C115: 27604171500871 | D115: A45671943 | E115: مطار برج العرب | F115: طرابلس | G115: الليبيه LN 211 | H115: 2026-07-31 | I115: 0.41666667 | J115: صابر | L115: بالغ | M115: خدمه ثنائيه (م+ت) | S115: 25200
A116: احمد حسن محمد عبد العال محمد | B116: 2011-07-20 | C116: 31107202506035 | D116: A45570903 | E116: مطار برج العرب | F116: طرابلس | G116: الليبيه LN 211 | H116: 2026-07-31 | I116: 0.41666667 | J116: صابر | L116: بالغ | M116: خدمه ثنائيه (م+ت) | S116: 25200
A117: وائل توفيق عبد العزيز عثمان | B117: 1970-04-11 | C117: 27004111200332 | D117: A45496823 | E117: مطار القاهره | F117: طرابلس | G117: اير كايرو SM 231 | H117: 2026-07-28 | I117: 0.41666667 | J117: صابر | L117: بالغ | M117: خدمه ثنائيه (م+ت) | S117: 26200
A118: احمد كامل محمد عبد الله | B118: 1983-03-09 | C118: 28303092402655 | D118: A45155388 | E118: مطار برج العرب | F118: بنغازى | G118: اير ليبيا 7Q 148 | H118: 2026-07-28 | I118: 0.70833333 | J118: صابر | L118: بالغ | M118: خدمه ثلاثيه | S118: 43425
A119: محمد عادل عويس سيد احمد | B119: 2000-05-23 | C119: 200052343112283 | D119: A40220027 | E119: منفذ السلوم | F119: بنغازى | G119: اتوبيس السلوم | H119: 2026-07-28 | I119: 0.41666667 | J119: صابر | L119: بالغ | M119: خدمه احاديه (م فقط) | S119: 22200
A120: محمود عبد اللطيف محمدين عبد اللطيف | B120: 2002-02-03 | C120: 30202032400198 | D120: A33675764 | E120: مطار برج العرب | F120: بنغازى | G120: اير ليبيا 7Q 148 | H120: 2026-07-28 | I120: 0.70833333 | J120: صابر | L120: بالغ | M120: خدمه ثلاثيه | S120: 43425
A121: احمد عزوز محمد عزوز | B121: 2000-08-02 | C121: 30008022402078 | D121: A44647920 | E121: مطار برج العرب | F121: بنغازى | G121: اير ليبيا 7Q 148 | H121: 2026-07-28 | I121: 0.70833333 | J121: صابر | L121: بالغ | M121: خدمه ثلاثيه | S121: 43425
...

Sheet شركه هاي لايتس
A1: الاسم | B1: تاريخ الميلاد | C1: الرقم القومي | D1: رقم الجواز | E1: المنفذ | F1: جهة السفر | G1: شركة الطيران | H1: تاريخ المغادرة | I1: ميعاد المغادرة | J1: الوكيل | K1: مورد الاستثمار | L1: ملاحظات | M1: نوع الخدمه | N1: ملاحظات | O1: ملاحظات | P1: ملاحظات | Q1: مدين دولار | R1: دائن دولار | S1: مدين مصري | T1: دائن مصري
A2: ما قبله | Q2: 0 | R2: 0
A3: ايداع بنكي بتاريخ 9 اغسطس باسم بيشوي عبد الملك | T3: 22200
A4: ايداع بنكي بتاريخ 9 اغسطس مصطفي عاصم | T4: 22200
A5: ايداع بنكي بتاريخ 9 اغسطس حازم احمد | T5: 22200
A6: ايداع بنكي بتاريخ 9 اغسطس محمد عبد النبي | T6: 22200
A7: ايداع بنكي بتاريخ 9 اغسطس محمد ممدوح | T7: 22200
A8: ايداع بنكي بتاريخ 9 اغسطس حسام احمد | T8: 22200
A9: تقديم 10 اغسطس
A10: حازم احمد احمد محمد | B10: 1997-02-22 | C10: 29702221400091 | D10: A44906818 | E10: مطار القاهره | F10: بنغازى | G10: مصر للطيران MS 829 | H10: 2026-08-24 | I10: 0.25 | J10: هاي لايتس | L10: بالغ | M10: خدمه احاديه (م فقط) | S10: 22200
A11: حسام احمد ابراهيم سعداوى | B11: 1995-07-01 | C11: 29507011409331 | D11: A40383433 | E11: مطار القاهره | F11: بنغازى | G11: مصر للطيران MS 829 | H11: 2026-08-24 | I11: 0.25 | J11: هاي لايتس | L11: بالغ | M11: خدمه احاديه (م فقط) | S11: 22200
A12: محمد عبد النبى ابراهيم عيد | B12: 1998-06-23 | C12: 29806231700459 | D12: A35411971 | E12: مطار القاهره | F12: بنغازى | G12: مصر للطيران MS 829 | H12: 2026-08-24 | I12: 0.25 | J12: هاي لايتس | L12: بالغ | M12: خدمه احاديه (م فقط) | S12: 22200
A13: محمد ممدوح السيد هاشم | B13: 1988-08-31 | C13: 28808312101796 | D13: A31204305 | E13: مطار القاهره | F13: بنغازى | G13: مصر للطيران MS 829 | H13: 2026-08-24 | I13: 0.25 | J13: هاي لايتس | L13: بالغ | M13: خدمه احاديه (م فقط) | S13: 22200
A14: مصطفى عاصم محمود حمزه | B14: 1993-11-01 | C14: 29311010100636 | D14: A404724779 | E14: مطار القاهره | F14: بنغازى | G14: مصر للطيران MS 829 | H14: 2026-08-24 | I14: 0.25 | J14: هاي لايتس | L14: بالغ | M14: خدمه احاديه (م فقط) | S14: 22200
A15: بيشوى عبد الملك مجلى عبد السيد | B15: 1989-03-21 | C15: 28903212401736 | D15: A28336526 | E15: مطار القاهره | F15: بنغازى | G15: مصر للطيران MS 829 | H15: 2026-08-24 | I15: 0.25 | J15: هاي لايتس | L15: بالغ | M15: خدمه احاديه (م فقط) | S15: 22200
I20: اجمالي المديونيه دولار | J20: =SUM(Q:Q)-SUM(R:R) -> 0
I21: اجمالي المديونيه مصري | J21: =SUM(S:S)-SUM(T:T) -> 0
I22: الرئيسيه

Sheet لاكي
A1: الاسم | B1: تاريخ الميلاد | C1: الرقم القومي | D1: رقم الجواز | E1: المنفذ | F1: جهة السفر | G1: شركة الطيران | H1: تاريخ المغادرة | I1: ميعاد المغادرة | J1: الوكيل | K1: مورد الاستثمار | L1: ملاحظات | M1: نوع الخدمه | N1: ملاحظات | O1: ملاحظات | P1: ملاحظات | Q1: مدين دولار | R1: دائن دولار | S1: مدين مصري | T1: دائن مصري
A2: ما قبله | S2: 0 | T2: 0
A3: استثمار بري 3*425 | Q3: =3*425 -> 1275
A4: تسليم في الشركه 19 اغسطس | R4: 1275
A5: استثمار بري 1*425 | Q5: 425
A6: استثمار بري 3*425 | Q6: =3*425 -> 1275
I11: اجمالي المديونيه دولار | J11: =SUM(Q:Q)-SUM(R:R) -> 1700
I12: اجمالي المديونيه مصري | J12: =SUM(S:S)-SUM(T:T) -> 0
I13: الرئيسيه

Sheet ابو سليم
A1: الاسم | B1: تاريخ الميلاد | C1: الرقم القومي | D1: رقم الجواز | E1: المنفذ | F1: جهة السفر | G1: شركة الطيران | H1: تاريخ المغادرة | I1: ميعاد المغادرة | J1: الوكيل | K1: مورد الاستثمار | L1: ملاحظات | M1: نوع الخدمه | N1: ملاحظات | O1: ملاحظات | P1: ملاحظات | Q1: مدين دولار | R1: دائن دولار | S1: مدين مصري | T1: دائن مصري
A2: ما قبله | S2: 0 | T2: 0
A3: تقديم 19 اغسطس
A4: سالم عيد سالم محمد | B4: 1974-06-15 | C4: 27406151200379 | D4: A28693974 | E4: مطار القاهره | F4: طرابلس | G4: مصر للطيران MS 831 | H4: 2026-08-20 | I4: 0.25 | J4: ابو سليم | L4: بالغ | M4: خدمه احاديه (م فقط) | S4: 22000
A5: توريد نقدي | T5: 26000
A6: تقديم 20 اغسطس
A7: محمد عبد المعطى المتولى سلامه | B7: 1988-09-01 | C7: 28809011222331 | D7: A28218772 | E7: مطار برج العرب | F7: بنغازى | G7: اير ليبيا 7Q 148 | H7: 2026-08-21 | I7: 0.70833333 | J7: ابو سليم | L7: بالغ | M7: خدمه ثلاثيه | S7: 43225
A8: محمد محمود ربيع مصطفى | B8: 1996-08-11 | C8: 29608111201614 | D8: A29397371 | E8: مطار برج العرب | F8: بنغازى | G8: اير ليبيا 7Q 148 | H8: 2026-08-21 | I8: 0.70833333 | J8: ابو سليم | L8: بالغ | M8: خدمه ثلاثيه | S8: 43225
A9: محمد محمود فتحى امين خالد | B9: 2002-07-13 | C9: 30207131701037 | D9: A46139219 | E9: مطار برج العرب | F9: بنغازى | G9: الليبيه LN 209 | H9: 2026-08-21 | I9: 0.41666667 | J9: ابو سليم | L9: بالغ | M9: خدمه ثلاثيه | S9: 43225
A10: تقديم 21 اغسطس
A11: عبد الفتاح احمد عبد الفتاح احمد خاطر | B11: 1989-06-07 | C11: 28906072101531 | D11: A34781981 | E11: مطار القاهره | F11: بنغازى | G11: الليبيه LN 207 | H11: 2026-08-23 | I11: 0.41666667 | J11: ابو سليم | L11: بالغ | M11: خدمه ثلاثيه | S11: 43725
A12: تقديم 22 اغسطس
A13: با هر كرم اسحق عبد الملك | B13: 1985-04-28 | C13: 28504280102958 | D13: A33253812 | E13: مطار القاهره | F13: بنغازى | G13: الليبيه LN 207 | H13: 2026-08-23 | I13: 0.5 | J13: ابو سليم | L13: بالغ | M13: خدمه ثلاثيه | S13: 45000
A14: ايداع بنكي بتاريخ 23 اغسطس | T14: 169400
A15: تقديم 23 اغسطس
A16: جمال سعيد محمد الجوهرى الحبشى | B16: 1986-08-01 | C16: 28608011804997 | D16: A42346392 | E16: مطار برج العرب | F16: بنغازى | G16: البرنيق NB 401 | H16: 2026-08-24 | I16: 0.41666667 | J16: ابو سليم | L16: بالغ | M16: خدمه احاديه (م فقط) | S16: 25000
A17: سامى حسن عوض عيد | B17: 1986-05-21 | C17: 28/605211500071 | D17: A37997938 | E17: مطار القاهره | F17: بنغازى | G17: البرنيق NB 0451 | H17: 2026-08-25 | I17: 0.41666667 | J17: ابو سليم | L17: بالغ | M17: خدمه احاديه (م فقط) | S17: 25000
A18: محمد ناصر رضوان سيد عبد الجواد | B18: 2006-10-28 | C18: 30610282406397 | D18: A45554117 | E18: مطار برج العرب | F18: بنغازى | G18: البراق UZ 131 | H18: 2026-08-25 | I18: 0.41666667 | J18: ابو سليم | L18: بالغ | M18: خدمه ثلاثيه | S18: 44500
A19: محمد مصطفى معروف عبد الله على | B19: 2007-04-02 | C19: 30704022401957 | D19: A45809605 | E19: مطار برج العرب | F19: بنغازى | G19: البراق UZ 131 | H19: 2026-08-25 | I19: 0.41666667 | J19: ابو سليم | L19: بالغ | M19: خدمه ثلاثيه | S19: 44500
A20: تقديم 24 اغسطس
A21: محمد حامد محمد زكى مجاهد | B21: 2022-02-06 | C21: 22202061603151 | D21: A45660245 | E21: مطار برج العرب | F21: بنغازى | G21: البراق UZ 131 | H21: 2026-08-25 | I21: 0.41666667 | J21: ابو سليم | L21: طفل | M21: خدمه ثلاثيه | S21: 26000
A22: اسيا حامد محمد زكى مجاهد | B22: 2018-12-16 | C22: 31812161600884 | D22: A45660294 | E22: مطار برج العرب | F22: بنغازى | G22: البراق UZ 131 | H22: 2026-08-25 | I22: 0.41666667 | J22: ابو سليم | L22: طفل | M22: خدمه ثلاثيه | S22: 26000
A23: حامد محمد زكى مجاهد | B23: 1993-09-15 | C23: 29309151601898 | D23: A45660240 | E23: مطار برج العرب | F23: بنغازى | G23: البراق UZ 131 | H23: 2026-08-25 | I23: 0.41666667 | J23: ابو سليم | L23: بالغ | M23: خدمه ثلاثيه | S23: 44500
A24: محمود عبدالله احمد احمد البنا | B24: 1987-01-15 | C24: 28701151303815 | D24: A44913059 | E24: مطار القاهره | F24: بنغازى | G24: الليبيه LN 207 | H24: 2026-08-25 | I24: 0.41666667 | J24: ابو سليم | L24: بالغ | M24: خدمه ثلاثيه | S24: 45000
A25: تقديم 25 اغسطس
A26: السيد عبد الله محمد | B26: 1988-10-02 | C26: 28810021201356 | D26: A45923649 | E26: مطار برج العرب | F26: بنغازى | G26: البراق UZ 131 | H26: 2026-09-01 | I26: 0.41666667 | J26: ابو سليم | L26: بالغ | M26: خدمه ثلاثيه | S26: 44700
A27: ايمن موسى عطوه عامر | B27: 1986-08-03 | C27: 28608031601553 | D27: A42904790 | E27: مطار القاهره | F27: طرابلس | G27: اير كايرو SM 231 | H27: 2026-08-26 | I27: 0.41666667 | J27: ابو سليم | L27: بالغ | M27: خدمه احاديه (م فقط) | S27: 25200
I31: اجمالي المديونيه دولار | J31: =SUM(Q:Q)-SUM(R:R) -> 0
I32: اجمالي المديونيه مصري | J32: =SUM(S:S)-SUM(T:T) -> 395400
I33: الرئيسيه

Sheet مصطفي صادق
A1: الاسم | B1: تاريخ الميلاد | C1: الرقم القومي | D1: رقم الجواز | E1: المنفذ | F1: جهة السفر | G1: شركة الطيران | H1: تاريخ المغادرة | I1: ميعاد المغادرة | J1: الوكيل | K1: مورد الاستثمار | L1: ملاحظات | M1: نوع الخدمه | N1: ملاحظات | O1: ملاحظات | P1: ملاحظات | Q1: مدين دولار | R1: دائن دولار | S1: مدين مصري | T1: دائن مصري
A2: ما قبله | S2: 498121 | T2: 0
A4: تقديم 16 اغسطس
A5: ارزاق ابو المكارم مطاوع على | B5: 1999-11-21 | C5: 29911212103863 | D5: A44293154 | E5: مطار القاهره | F5: طرابلس | G5: اير كايرو SM 231 | H5: 2026-08-17 | I5: 0.41666667 | J5: مصطفي صادق | L5: انثى | M5: خدمه احاديه (م فقط) | S5: 22000
A6: عبد الله سعد عبد الله السعداوى | B6: 1989-11-20 | C6: 28911201502037 | D6: 28047198 | E6: مطار القاهره | F6: طرابلس | G6: اير كايرو SM 231 | H6: 2026-08-17 | I6: 0.41666667 | J6: مصطفي صادق | L6: بالغ | M6: خدمه احاديه (م فقط) | S6: 22000
A7: متولى محمد ابراهيم الفتيانى | B7: 1976-06-06 | C7: 27606061500691 | D7: A45459364 | E7: مطار برج العرب | F7: بنغازى | G7: اير ليبيا TLR 150 | H7: 2026-08-17 | I7: 0.29166667 | J7: مصطفي صادق | L7: بالغ | M7: خدمه ثلاثيه | S7: 43225
A8: محمد عصام محمد السيد صالح | B8: 2008-08-20 | C8: 30808201204218 | D8: A45921708 | E8: مطار برج العرب | F8: بنغازى | G8: اير ليبيا TLR 150 | H8: 2026-08-17 | I8: 0.29166667 | J8: مصطفي صادق | L8: بالغ | M8: خدمه ثلاثيه | S8: 43225
A9: حسنى هريدى حسن شلبى | B9: 2002-09-19 | C9: 20209192602956 | D9: A31946409 | E9: مطار برج العرب | F9: بنغازى | G9: اير ليبيا TLR 150 | H9: 2026-08-17 | I9: 0.29166667 | J9: مصطفي صادق | L9: بالغ | M9: خدمه ثلاثيه | S9: 43225
A10: يوسف مساعد سيد عاشور ابوزيد | B10: 2008-11-29 | C10: 30811292301491 | D10: A36317031 | E10: مطار برج العرب | F10: طرابلس | G10: الليبيه LN 211 | H10: 2026-08-17 | I10: 0.29166667 | J10: مصطفي صادق | L10: بالغ | M10: خدمه احاديه (م فقط) | S10: 22000
A11: احمد مبروك على محمد | B11: 2008-12-01 | C11: 30812012303695 | D11: A45406194 | E11: مطار برج العرب | F11: طرابلس | G11: الليبيه LN 211 | H11: 2026-08-17 | I11: 0.29166667 | J11: مصطفي صادق | L11: بالغ | M11: خدمه احاديه (م فقط) | S11: 22000
A12: امجد على عبد النظير محمود | B12: 2001-05-25 | C12: 30105252700359 | D12: A33945819 | E12: مطار برج العرب | F12: بنغازى | G12: اير ليبيا TLR 150 | H12: 2026-08-17 | I12: 0.29166667 | J12: مصطفي صادق | L12: بالغ | M12: خدمه ثلاثيه | S12: 43225
A13: احمد محمود ابراهيم محمد عبد اللطيف | B13: 2008-05-18 | C13: 30805182402659 | D13: A39903672 | E13: مطار برج العرب | F13: بنغازى | G13: اير ليبيا TLR 150 | H13: 2026-08-17 | I13: 0.29166667 | J13: مصطفي صادق | L13: بالغ | M13: خدمه ثلاثيه | S13: 43225
A14: محمد رجب الحسين السيد على | B14: 2009-07-01 | C14: 30907012307497 | D14: A44658240 | E14: مطار برج العرب | F14: بنغازى | G14: اير ليبيا TLR 150 | H14: 2026-08-17 | I14: 0.29166667 | J14: مصطفي صادق | L14: بالغ | M14: خدمه ثلاثيه | S14: 43225
A15: جمعه عبد التواب حسين السيد | B15: 1988-08-07 | C15: 28808072301075 | D15: A44949879 | E15: مطار برج العرب | F15: بنغازى | G15: اير ليبيا TLR 150 | H15: 2026-08-17 | I15: 0.29166667 | J15: مصطفي صادق | L15: بالغ | M15: خدمه ثلاثيه | S15: 43225
A16: عبد الله حلمى عبد الله حسنين | B16: 1994-08-10 | C16: 29408102703675 | D16: A43882776 | E16: مطار برج العرب | F16: بنغازى | G16: اير ليبيا TLR 150 | H16: 2026-08-17 | I16: 0.29166667 | J16: مصطفي صادق | L16: بالغ | M16: خدمه ثلاثيه | S16: 43225
... A44: حسام احمد عبد الحسيب احمد | B44: 1973-09-15 | C44: 27209151200438 | D44: A45613816 | E44: مطار القاهره | F44: طرابلس | G44: مصر للطيران MS 831 | H44: 2026-08-18 | I44: 0.27083333 | J44: مصطفي صادق | L44: بالغ | M44: خدمه ثنائيه (م+ت) | S44: 26000
A45: تقديم 17 اغسطس
A46: على رمضان ابراهيم على | B46: 1986-05-01 | C46: 28605012105155 | D46: A33956204 | E46: مطار برج العرب | F46: بنغازى | G46: اير ليبيا 7Q 148 | H46: 2026-08-18 | I46: 0.70833333 | J46: مصطفي صادق | L46: بالغ | M46: خدمه ثلاثيه | S46: 43225
A47: طارق ابراهيم ابراهيم الشهاوى | B47: 1980-11-05 | C47: 28011051500251 | D47: A45118840 | E47: مطار برج العرب | F47: طرابلس | G47: الليبيه LN 211 | H47: 2026-08-21 | I47: 0.41666667 | J47: مصطفي صادق | L47: بالغ | M47: خدمه ثنائيه (م+ت) | S47: 25000
A48: احمد محمود احمد عبد الله | B48: 1979-05-27 | C48: 27905272601571 | D48: A45739754 | E48: مطار برج العرب | F48: طرابلس | G48: الليبيه LN 211 | H48: 2026-08-21 | I48: 0.41666667 | J48: مصطفي صادق | L48: بالغ | M48: خدمه ثنائيه (م+ت) | S48: 25000
A49: محمود محمد محمد عبد الرحمن الصعيدى | B49: 1989-10-24 | C49: 28910241500731 | D49: A28049441 | E49: مطار برج العرب | F49: طرابلس | G49: الليبيه LN 211 | H49: 2026-08-21 | I49: 0.41666667 | J49: مصطفي صادق | L49: بالغ | M49: خدمه ثنائيه (م+ت) | S49: 25000
A50: محمود احمد محمود احمد عبد الله | B50: 2011-12-20 | C50: 31112202602518 | D50: A45739576 | E50: مطار برج العرب | F50: طرابلس | G50: الليبيه LN 211 | H50: 2026-08-21 | I50: 0.41666667 | J50: مصطفي صادق | L50: بالغ | M50: خدمه ثنائيه (م+ت) | S50: 25000
A51: مصطفى محمود السيد السيد الغفير | B51: 1980-01-06 | C51: 01061501993 | D51: A38654469 | E51: مطار القاهره | F51: طرابلس | G51: مصر للطيران MS 831 | H51: 2026-08-19 | I51: 0.125 | J51: مصطفي صادق | L51: بالغ | M51: خدمه ثنائيه (م+ت) | S51: 26000
A52: محمود عبد المحسن محمود محمود | B52: 1983-07-09 | C52: 28307090103451 | D52: A41248181 | E52: مطار القاهره | F52: طرابلس | G52: مصر للطيران MS 831 | H52: 2026-08-20 | I52: 0.125 | J52: مصطفي صادق | L52: بالغ | M52: خدمه ثنائيه (م+ت) | S52: 26000
A53: ابراهيم بليغ حمدى عبد الحميد الشافعى | B53: 2005-07-17 | C53: 20507171501174 | D53: A27619541 | E53: مطار برج العرب | F53: بنغازى | G53: اير ليبيا 7Q 148 | H53: 2026-08-18 | I53: 0.70833333 | J53: مصطفي صادق | L53: بالغ | M53: خدمه ثلاثيه | S53: 43225
A54: رفعت عبد الونيس السيد قطب رمضان | B54: 1990-05-31 | C54: 29005311600371 | D54: A45479424 | E54: مطار برج العرب | F54: بنغازى | G54: اير ليبيا 7Q 148 | H54: 2026-08-18 | I54: 0.70833333 | J54: مصطفي صادق | L54: بالغ | M54: خدمه ثلاثيه | S54: 43225
A55: محمود احمد محمد عبد اللاه | B55: 2007-10-28 | C55: 30710282600511 | D55: A33721975 | E55: مطار القاهره | F55: بنغازى | G55: الليبيه LN 207 | H55: 2026-08-18 | I55: 0.41666667 | J55: مصطفي صادق | L55: بالغ | M55: خدمه ثلاثيه | S55: 43725
A56: تامر صابر محمد عبد المجيد | B56: 1983-04-04 | C56: 28304041401332 | D56: A45948401 | E56: مطار القاهره | F56: بنغازى | G56: الليبيه LN 207 | H56: 2026-08-18 | I56: 0.41666667 | J56: مصطفي صادق | L56: بالغ | M56: خدمه ثلاثيه | S56: 43725
A57: احمد علاء مصطفى مصطفى | B57: 1996-10-01 | C57: 29610011816314 | D57: A39559025 | E57: مطار برج العرب | F57: بنغازى | G57: اير ليبيا 7Q 148 | H57: 2026-08-18 | I57: 0.70833333 | J57: مصطفي صادق | L57: بالغ | M57: خدمه ثلاثيه | S57: 43225
... A85: عبد الرحمن منير مصطفى ابراهيم | B85: 2001-10-24 | C85: 112301101 | D85: A36692739 | E85: مطار القاهره | F85: بنغازى | G85: الليبيه LN 207 | H85: 2026-08-18 | I85: 0.41666667 | J85: مصطفي صادق | L85: بالغ | M85: خدمه ثلاثيه | S85: 43725
A86: مدفوعه في حساب التحالف | T86: 3642300
A87: تقديم 21 اغسطس
A88: علاء محمد محمد ابراهيم الشاعر | B88: 1976-05-06 | C88: 27605061201158 | D88: A35825277 | E88: مطار القاهره | F88: طرابلس | G88: مصر للطيران MS 831 | H88: 2026-08-23 | I88: 0.125 | J88: مصطفي صادق | L88: بالغ | M88: خدمه ثنائيه (م+ت) | S88: 26000
A89: محمد حسن محمود عبد المجيد حبيشي | B89: 1986-12-13 | C89: 28612131203034 | D89: A40390047 | E89: مطار القاهره | F89: طرابلس | G89: مصر للطيران MS 831 | H89: 2026-08-23 | I89: 0.125 | J89: مصطفي صادق | L89: بالغ | M89: خدمه ثنائيه (م+ت) | S89: 26000
I97: اجمالي المديونيه دولار | J97: =SUM(Q:Q)-SUM(R:R) -> 0
I98: اجمالي المديونيه مصري | J98: =SUM(S:S)-SUM(T:T) -> 51996
I99: الرئيسيه

Sheet د يارا (2)
A1: الاسم | B1: تاريخ الميلاد | C1: الرقم القومي | D1: رقم الجواز | E1: المنفذ | F1: جهة السفر | G1: شركة الطيران | H1: تاريخ المغادرة | I1: ميعاد المغادرة | J1: الوكيل | K1: مورد الاستثمار | L1: ملاحظات | M1: نوع الخدمه | N1: ملاحظات | O1: ملاحظات | P1: ملاحظات | Q1: مدين دولار | R1: دائن دولار | S1: مدين مصري | T1: دائن مصري
A2: ما قبله | S2: 0 | T2: 0
A3: ايداع بنكي بتاريخ 10 اغسطس | T3: 22200
A4: تقديم 11 اغسطس
A5: حسين سلامه اسماعيل مصطفى ابو حسين | B5: 2001-08-27 | C5: 30108271802633 | D5: A40765680 | E5: مطار القاهره | F5: بنغازى | G5: البرنيق NB 0451 | H5: 2026-08-16 | I5: 0.83333333 | J5: د يارا | L5: بالغ | M5: خدمه احاديه (م فقط) | S5: 22200
A6: ايداع بنكي بتاريخ 17 اغسطس | T6: 43925
I10: اجمالي المديونيه دولار | J10: =SUM(Q:Q)-SUM(R:R) -> 0
I11: اجمالي المديونيه مصري | J11: =SUM(S:S)-SUM(T:T) -> -43925
I12: الرئيسيه

Sheet تايجر
A1: الاسم | B1: تاريخ الميلاد | C1: الرقم القومي | D1: رقم الجواز | E1: المنفذ | F1: جهة السفر | G1: شركة الطيران | H1: تاريخ المغادرة | I1: ميعاد المغادرة | J1: الوكيل | K1: مورد الاستثمار | L1: ملاحظات | M1: نوع الخدمه | N1: ملاحظات | O1: ملاحظات | P1: ملاحظات | Q1: مدين دولار | R1: دائن دولار | S1: مدين مصري | T1: دائن مصري
A2: ما قبله | Q2: 0 | R2: 0
D3: تسليم ليد احمد بتاريخ 30 يونيو | T3: 308000
D4: تسليم ليد احمد بتاريخ 3 يوليو | T4: 44000
A5: سفر 7 يوليو
A6: علاء احمد محمد مصطفى | B6: 1984-06-06 | C6: 28406061800532 | D6: A44763890 | E6: مطار القاهره | F6: بنغازى | G6: مصر للطيران | H6: 2026-07-07 | I6: 0.125 | J6: مصطفي تايجر | L6: بالغ | M6: خدمه احاديه (م فقط) | S6: 22000
A7: ابراهيم السعيد ابراهيم عطيه | B7: 1991-12-20 | C7: 29112201801216 | D7: A30166288 | E7: مطار القاهره | F7: بنغازى | G7: مصر للطيران | H7: 2026-07-07 | I7: 0.125 | J7: مصطفي تايجر | L7: بالغ | M7: خدمه احاديه (م فقط) | S7: 22000
A8: رزق نصر الله عبيد محمد | B8: 1981-04-04 | C8: 28104040202051 | D8: A45103835 | E8: مطار القاهره | F8: بنغازى | G8: مصر للطيران | H8: 2026-07-07 | I8: 0.125 | J8: مصطفي تايجر | L8: بالغ | M8: خدمه احاديه (م فقط) | S8: 22000
A9: أمير عادل امين عبدالغني عبده | B9: 2000-10-01 | C9: 30010011834957 | D9: A42908926 | E9: مطار القاهره | F9: بنغازى | G9: مصر للطيران | H9: 2026-07-07 | I9: 0.125 | J9: مصطفي تايجر | L9: بالغ | M9: خدمه احاديه (م فقط) | S9: 22000
A10: محمد احمد جمال على المرسى | B10: 1982-10-27 | C10: 28210271400756 | D10: A36169998 | E10: مطار القاهره | F10: بنغازى | G10: مصر للطيران | H10: 2026-07-07 | I10: 0.125 | J10: مصطفي تايجر | L10: بالغ | M10: خدمه احاديه (م فقط) | S10: 22000
A11: احمد محمد حسن احمد | B11: 1992-05-10 | C11: 29205102201451 | D11: A40927042 | E11: مطار القاهره | F11: بنغازى | G11: مصر للطيران | H11: 2026-07-07 | I11: 0.125 | J11: مصطفي تايجر | L11: بالغ | M11: خدمه احاديه (م فقط) | S11: 22000
A12: احمد علي احمد حسين | B12: 1991-12-23 | C12: 29112232800111 | D12: A33225743 | E12: مطار القاهره | F12: بنغازى | G12: مصر للطيران | H12: 2026-07-07 | I12: 0.125 | J12: مصطفي تايجر | L12: بالغ | M12: خدمه احاديه (م فقط) | S12: 22000
A13: محمد الشحات عبد النبي متولي جمعه | B13: 1998-01-01 | C13: 29801011503791 | D13: A45120830 | E13: مطار القاهره | F13: بنغازى | G13: مصر للطيران | H13: 2026-07-07 | I13: 0.125 | J13: مصطفي تايجر | L13: بالغ | M13: خدمه احاديه (م فقط) | S13: 22000
A14: محمد البيومى الوردانى البيومي | B14: 1979-12-10 | C14: 27912101500293 | D14: A37588468 | E14: مطار القاهره | F14: بنغازى | G14: مصر للطيران | H14: 2026-07-07 | I14: 0.125 | J14: مصطفي تايجر | L14: بالغ | M14: خدمه احاديه (م فقط) | S14: 22000
A15: محمد ابراهيم محمد ابراهيم البديوي | B15: 1997-11-10 | C15: 29711101201352 | D15: A44795107 | E15: مطار القاهره | F15: بنغازى | G15: مصر للطيران | H15: 2026-07-07 | I15: 0.125 | J15: مصطفي تايجر | L15: بالغ | M15: خدمه احاديه (م فقط) | S15: 22000
A16: مصطفى سيد احمد احمد عبد الرحمن الشيخ | B16: 1984-08-25 | C16: 28408251202898 | D16: A34813256 | E16: مطار القاهره | F16: بنغازى | G16: مصر للطيران | H16: 2026-07-07 | I16: 0.125 | J16: مصطفي تايجر | L16: بالغ | M16: خدمه احاديه (م فقط) | S16: 22000
A17: محمود ايمن على عبده طيبه | B17: 2000-03-08 | C17: 30003081803254 | D17: A45112458 | E17: مطار القاهره | F17: بنغازى | G17: مصر للطيران | H17: 2026-07-07 | I17: 0.125 | J17: مصطفي تايجر | L17: بالغ | M17: خدمه احاديه (م فقط) | S17: 22000
... A19: محمود صابر عطيه مرسى | B19: 2003-07-30 | C19: 30307301500834 | D19: A35978275 | E19: مطار القاهره | F19: بنغازى | G19: مصر للطيران | H19: 2026-07-07 | I19: 0.125 | J19: مصطفي تايجر | L19: بالغ | M19: خدمه احاديه (م فقط) | S19: 22000
A20: سفر يوم 10 يوليو
A21: محمد طارق محمد محمود عطيه | B21: 2002-01-01 | C21: 30201011218415 | D21: A44537987 | E21: مطار القاهره | F21: بنغازى | G21: مصر للطيران | H21: 2026-07-10 | I21: 0.32291667 | J21: مصطفي تايجر | L21: بالغ | M21: خدمه احاديه (م فقط) | S21: 22000
A22: ايداع بنكي بتاريخ 24 اغسطس | T22: 50000
A23: ايداع بنكي بتاريخ 24 اغسطس | T23: 54000
A24: تقديم 24 اغسطس
A25: محمد سعيد ابراهيم نوار | B25: 1982-03-01 | C25: 28203011812671 | D25: A40675908 | E25: مطار القاهره | F25: بنغازى | G25: مصر للطيران MS 829 | H25: 2026-08-26 | I25: 0.32291667 | J25: مصطفي تايجر | L25: بالغ | M25: خدمه احاديه (م فقط) | S25: 25200
A26: شحاته ابراهيم عبد المنعم سعد | B26: 1966-08-18 | C26: 26608181800077 | D26: A42899250 | E26: مطار القاهره | F26: بنغازى | G26: مصر للطيران MS 829 | H26: 2026-08-26 | I26: 0.32291667 | J26: مصطفي تايجر | L26: بالغ | M26: خدمه احاديه (م فقط) | S26: 25200
A27: ثروات عبد اللاه محمد عبده سعد | B27: 1993-01-17 | C27: 29301171501554 | D27: A33468712 | E27: مطار القاهره | F27: بنغازى | G27: مصر للطيران MS 829 | H27: 2026-08-26 | I27: 0.32291667 | J27: مصطفي تايجر | L27: بالغ | M27: خدمه احاديه (م فقط) | S27: 25200
A28: طاهر ابوزيد حميده عويدات | B28: 1974-11-25 | C28: 27411251803538 | D28: A44554636 | E28: مطار القاهره | F28: بنغازى | G28: مصر للطيران MS 829 | H28: 2026-08-26 | I28: 0.32291667 | J28: مصطفي تايجر | L28: بالغ | M28: خدمه احاديه (م فقط) | S28: 25200
A29: مهنا شحات حميده عويدات | B29: 1991-05-29 | C29: 29105291803852 | D29: A28478913 | E29: مطار القاهره | F29: بنغازى | G29: مصر للطيران MS 829 | H29: 2026-08-26 | I29: 0.32291667 | J29: مصطفي تايجر | L29: بالغ | M29: خدمه احاديه (م فقط) | S29: 25200
A30: تسليم في الشركه بتاريخ 26 اغسطس | T30: 50400
A31: تقديم 26 اغسطس
A32: محمد خلف البدرى السيد حسانين | B32: 1979-05-26 | C32: 27905260104459 | D32: A44841468 | E32: مطار القاهره | F32: بنغازى | G32: البرنيق NB 0451 | H32: 2026-08-28 | I32: 0.375 | J32: مصطفي تايجر | L32: بالغ | M32: خدمه احاديه (م فقط) | S32: 25200
A33: انطوان لويس مقدم خليل | B33: 1971-03-12 | C33: 27103120102554 | D33: A37753906 | E33: مطار القاهره | F33: بنغازى | G33: البرنيق NB 0451 | H33: 2026-08-28 | I33: 0.375 | J33: مصطفي تايجر | L33: بالغ | M33: خدمه احاديه (م فقط) | S33: 25200
I39: اجمالي المديونيه دولار | J39: =SUM(Q:Q)-SUM(R:R) -> 0
I40: اجمالي المديونيه مصري | J40: =SUM(S:S)-SUM(T:T) -> 0
I41: الرئيسيه

Sheet الحاج مجدي
A1: الاسم | B1: تاريخ الميلاد | C1: الرقم القومي | D1: رقم الجواز | E1: المنفذ | F1: جهة السفر | G1: شركة الطيران | H1: تاريخ المغادرة | I1: ميعاد المغادرة | J1: الوكيل | K1: مورد الاستثمار | L1: ملاحظات | M1: نوع الخدمه | N1: ملاحظات | O1: ملاحظات | P1: ملاحظات | Q1: مدين دولار | R1: دائن دولار | S1: مدين مصري | T1: دائن مصري
A2: ما قبله | S2: 0 | T2: 0
A3: تسليم في الشركه بتاريخ 25 يوليو | T3: 130000
A4: تسليم في الشركه بتاريخ 26 يوليو | T4: 50000
A5: تقديم 26 يوليو
A6: اسامه عبد الستار ابراهيم احمد | B6: 1973-12-02 | C6: 27312021400835 | D6: A41302113 | E6: مطار القاهره | F6: طرابلس | G6: البراق UZ 201 | H6: 2026-07-27 | I6: 0.41666667 | J6: الحاج مجدى | L6: بالغ | M6: خدمه ثنائيه (م+ت) | S6: 26200
A7: حسن على احمد محمود | B7: 1992-12-21 | C7: 29212211400371 | D7: A42975095 | E7: مطار القاهره | F7: طرابلس | G7: البراق UZ 201 | H7: 2026-07-27 | I7: 0.41666667 | J7: الحاج مجدى | L7: بالغ | M7: خدمه ثنائيه (م+ت) | S7: 26200
A8: محمود عوض عبد الجواد السيد | B8: 1983-08-13 | C8: 28308131401817 | D8: A384171127 | E8: مطار القاهره | F8: طرابلس | G8: البراق UZ 201 | H8: 2026-07-27 | I8: 0.41666667 | J8: الحاج مجدى | L8: بالغ | M8: خدمه ثنائيه (م+ت) | S8: 26200
A9: حماده محمد محمد ابراهيم | B9: 1983-01-26 | C9: 28301261400672 | D9: A44695460 | E9: مطار القاهره | F9: طرابلس | G9: البراق UZ 201 | H9: 2026-07-27 | I9: 0.41666667 | J9: الحاج مجدى | L9: بالغ | M9: خدمه ثنائيه (م+ت) | S9: 26200
A10: محمد رجب عرفه على | B10: 1989-10-08 | C10: 28910081100537 | D10: A45492533 | E10: مطار القاهره | F10: طرابلس | G10: البراق UZ 201 | H10: 2026-07-27 | I10: 0.41666667 | J10: الحاج مجدى | L10: بالغ | M10: خدمه ثنائيه (م+ت) | S10: 26200
A11: محمد عباس ابراهيم محمد الحلواني | B11: 1986-03-10 | C11: 28603100200114 | D11: A35813082 | E11: مطار القاهره | F11: طرابلس | G11: مصر للطيران MS 831 | H11: 2026-07-27 | I11: 0.16666667 | J11: الحاج مجدى | L11: بالغ | M11: خدمه احاديه (م فقط) | S11: 22200
A12: تسليم في الشركه بتاريخ 28 يوليو | T12: 50000
A13: تقديم 28 يوليو
A14: عماد محمد ابو المجد محمد | B14: 1978-08-24 | C14: 27808242100891 | D14: A40209160 | E14: مطار القاهره | F14: طرابلس | G14: اويا YI 593 | H14: 2026-07-29 | I14: 0.41666667 | J14: الحاج مجدى | L14: بالغ | M14: خدمه احاديه (م فقط) | S14: 22200
A15: تسليم في الشركه بتاريخ 29 يوليو | T15: 50000
A16: تقديم 29 يوليو
A17: ابراهيم السادات رجب نجيب | B17: 1993-08-31 | C17: 29308311200732 | D17: A39232659 | E17: مطار القاهره | F17: طرابلس | G17: اويا YI 593 | H17: 2026-07-30 | I17: 0.375 | J17: الحاج مجدى | L17: خدمه احاديه (م فقط) | M17: بالغ | S17: 22200
A18: ايمن محمد حجازى الشحات | B18: 1992-06-03 | C18: 29206031200951 | D18: A30746874 | E18: مطار القاهره | F18: طرابلس | G18: اويا YI 593 | H18: 2026-07-30 | I18: 0.375 | J18: الحاج مجدى | L18: خدمه احاديه (م فقط) | M18: بالغ | S18: 22200
A19: تقديم 30 يوليو
A20: انسان زايد عبد العال المنشاوى | B20: 1980-06-06 | C20: 28006061701013 | D20: A456017113 | E20: مطار القاهره | F20: طرابلس | G20: اير كايرو SM 231 | H20: 2026-08-01 | I20: 0.41666667 | J20: الحاج مجدى | L20: خدمه ثنائيه (م+ت) | M20: بالغ | S20: 26200
A21: تسليم في الشركه بتاريخ1 اغسطس | T21: 100000
A22: تقديم 1 اغسطس
A23: عبد الفتاح محمود ابراهيم محمود | B23: 1972-06-07 | C23: 27206071400475 | D23: A32745329 | E23: مطار القاهره | F23: طرابلس | G23: الليبيه LN 203 | H23: 2026-08-04 | I23: 0.41666667 | J23: الحاج مجدى | L23: بالغ | M23: خدمه ثنائيه (م+ت) | S23: 26200
A24: عمرو محمد احمد حسين | B24: 1971-07-21 | C24: 27107210103911 | D24: A45237526 | E24: مطار القاهره | F24: طرابلس | G24: الليبيه LN 203 | H24: 2026-08-04 | I24: 0.41666667 | J24: الحاج مجدى | L24: بالغ | M24: خدمه ثنائيه (م+ت) | S24: 26200
A25: تقديم 2 اغسطس
A26: طه السيد عبد الفتاح ابراهيم | B26: 1987-06-01 | C26: 28706011406799 | D26: A45590975 | E26: مطار برج العرب | F26: بنغازى | G26: الليبيه LN 209 | H26: 2026-08-05 | I26: 0.41666667 | J26: الحاج مجدى | L26: بالغ | M26: خدمه ثلاثيه | S26: 43425
A27: ايداع بنكي بتاريخ 2 اغسطس | T27: 50000
A28: تقديم 3 اغسطس
A29: عمرو محمد عبد المقصود سلامه | B29: 1981-02-14 | C29: 28102140104895 | D29: A36161042 | E29: مطار القاهره | F29: طرابلس | G29: الليبيه LN 203 | H29: 2026-08-04 | I29: 0.41666667 | J29: الحاج مجدى | L29: بالغ | M29: خدمه ثنائيه (م+ت) | S29: 26200
A30: تقديم 5 اغسطس
A31: محمود عبدالرحمن محمد حسن | B31: 1997-02-28 | C31: 29702282500276 | D31: A27372373 | E31: البرج | F31: بنغازى | G31: الليبيه LN 203 | H31: 2026-08-11 | I31: 0.41666667 | J31: الحاج مجدى | L31: بالغ | M31: ثنائيه | S31: 25200
A32: هشام احمد شحاته احمد | B32: 1994-01-16 | C32: 29401162201411 | D32: A36495713 | E32: مطار القاهره | F32: طرابلس | G32: مصر للطيران MS 831 | H32: 2026-08-07 | I32: 0.25 | J32: الحاج مجدى | L32: بالغ | M32: خدمه ثنائيه (م+ت) | S32: 26200
A33: تسليم في الشركه بتاريخ 6 اغسطس | T33: 100000
A34: تقديم 6 اغسطس
A35: هشام محمد مصيلحى سلطان | B35: 1989-12-10 | C35: 28912101302495 | D35: A31956124 | E35: مطار برج العرب | J35: الحاج مجدى | L35: بالغ | M35: خدمه ثلاثيه | S35: 43425
A36: تقدبم يوم 8 اغسطس
A37: رجب فاروق رجب ابو زهره | B37: 1980-01-21 | C37: 28001211800811 | D37: A39437512 | E37: مطار القاهره | F37: طرابلس | G37: البراق UZ 201 | H37: 2026-08-09 | I37: 0.41666667 | J37: الحاج مجدى | L37: بالغ | M37: خدمه احاديه (م فقط) | S37: 22200
A38: ابراهيم ابراهيم عبد المنعم بدر | B38: 1984-04-15 | C38: 28404151601498 | D38: A39436194 | E38: مطار القاهره | F38: طرابلس | G38: البراق UZ 201 | H38: 2026-08-09 | I38: 0.41666667 | J38: الحاج مجدى | L38: بالغ | M38: خدمه احاديه (م فقط) | S38: 22200
A39: ايداع بنكي بتاريخ9 اغسطس | T39: 37000
A40: ايداع بنكي بتاريخ9 اغسطس | T40: 63000
A41: مديونيه احمد مجدي | S41: 6700
A42: تقديم 10 اغسطس
A43: رضا عوض مسعد احمد ايوب | B43: 1991-01-07 | C43: 29101071201813 | D43: A44553359 | E43: مطار القاهره | F43: طرابلس | G43: اويا YI 593 | H43: 2026-08-11 | I43: 0.41666667 | J43: الحاج مجدى | L43: بالغ | M43: خدمه احاديه (م فقط) | S43: 22200
A44: احمد محمد نور الدين عثمان | B44: 2009-08-12 | C44: 30908122601591 | D44: A44626155 | E44: مطار برج العرب | F44: طرابلس | G44: الليبيه LN 211 | H44: 2026-08-14 | I44: 0.66666667 | J44: الحاج مجدى | L44: بالغ | M44: خدمه ثنائيه (م+ت) | S44: 25200
A45: خالد عبد الله رجب حتوش الفقى | B45: 1991-09-16 | C45: 29109161600998 | D45: A36090790 | E45: مطار القاهره | F45: طرابلس | G45: اويا YI 593 | H45: 2026-08-11 | I45: 0.41666667 | J45: الحاج مجدى | L45: بالغ | M45: خدمه احاديه (م فقط) | S45: 22200
A46: تسليم في الشركه بتاريخ 10 اغسطس | T46: 100000
A47: تقديم 11 اغسطس
A48: على محمد اسما عيل ابوربع | B48: 1982-01-18 | C48: 28201181204151 | D48: A30012389 | E48: مطار القاهره | F48: طرابلس | G48: البراق UZ 201 | H48: 2026-08-13 | I48: 0.83333333 | J48: الحاج مجدى | L48: بالغ | M48: خدمه احاديه (م فقط) | S48: 22200
A49: تقديم 12 اغسطس
A50: سامى صابر على خميس | B50: 1970-04-28 | C50: 27004282201256 | D50: A45995387 | E50: مطار القاهره | F50: طرابلس | G50: مصر للطيران MS 831 | H50: 2026-08-16 | I50: 0.125 | J50: الحاج مجدى | L50: بالغ | M50: خدمه ثنائيه (م+ت) | S50: 26200
A51: تقديم 13 اغسطس
A52: احمد ابراهيم السيد البيومى | B52: 1985-01-03 | C52: 28501031500413 | D52: A34508263 | E52: مطار القاهره | F52: طرابلس | G52: الليبيه LN 203 | H52: 2026-08-15 | I52: 0.41666667 | J52: الحاج مجدى | L52: بالغ | M52: خدمه ثنائيه (م+ت) | S52: 26200
A53: فؤاد محمد علي السيد | B53: 1978-12-02 | C53: 27812022301591 | D53: A45573140 | E53: مطار القاهره | F53: طرابلس | G53: الليبيه LN 203 | H53: 2026-08-15 | I53: 0.41666667 | J53: الحاج مجدى | L53: بالغ | M53: خدمه ثنائيه (م+ت) | S53: 26200
A54: تقديم يوم 14 اغسطس
A55: ياسر سيد شاذلى على | B55: 1967-09-19 | C55: 26709190100151 | D55: A43834563 | E55: مطار القاهره | F55: مصراته | G55: مصر للطيران MS 827 | H55: 2026-08-15 | I55: 0.125 | J55: الحاج مجدى | L55: بالغ | M55: خدمه ثنائيه (م+ت) | S55: 26200
A56: هانى مفرح تادرس معوض | B56: 1979-09-30 | C56: 27909302300097 | D56: A31782612 | E56: مطار القاهره | F56: مصراته | G56: مصر للطيران MS 827 | H56: 2026-08-15 | I56: 0.125 | J56: الحاج مجدى | L56: بالغ | M56: خدمه ثنائيه (م+ت) | S56: 26200
A57: تسليم في الشركه بتاريخ 15 اغسطس | T57: 130000
A58: تقديم 16 اغسطس
A59: مى رضوان محمد محمد رضوان | B59: 1995-01-28 | C59: 29501280200423 | D59: A36893543 | E59: مطار برج العرب | F59: مصراته | G59: البرنيق NB 422 | H59: 2026-08-16 | I59: 0.83333333 | J59: الحاج مجدى | L59: انثى | M59: احاديه | S59: 22200
A60: تيا احمد على احمد محمد سيد سباع | B60: 2022-06-09 | C60: 32206090201343 | D60: A42670090 | E60: مطار برج العرب | F60: مصراته | G60: البرنيق NB 422 | H60: 2026-08-16 | I60: 0.83333333 | J60: الحاج مجدى | L60: طفل | M60: خدمه احاديه (م فقط) | S60: 22200
A61: تسليم في الشركه بتاريخ 18 اغسطس | T61: 20000
A62: ايداع بنكي بتاريخ 18 اغسطس | T62: 60000
A63: ايداع بنكي بتاريخ 18 اغسطس | T63: 70000
A64: تقديم 18 اغسطس
A65: السيد محمد السيد ابو المجد | B65: 1985-08-10 | C65: 28508101304352 | D65: A27928363 | E65: مطار برج العرب | F65: مصراته | G65: البرنيق NB 422 | H65: 2026-08-19 | I65: 0.70833333 | J65: الحاج مجدى | L65: بالغ | M65: خدمه احاديه (م فقط) | S65: 22200
A66: عطا الله ابراهيم السيد البيومي | B66: 1987-01-01 | C66: 28701011504233 | D66: A39748288 | E66: مطار القاهره | F66: طرابلس | G66: مصر للطيران MS 831 | H66: 2026-08-19 | I66: 0.27083333 | J66: الحاج مجدى | L66: بالغ | M66: خدمه ثنائيه (م+ت) | S66: 26200
A67: محمد العربي عبدالمجيد محمد | B67: 2003-05-20 | C67: 30305201201055 | D67: A45611497 | E67: مطار القاهره | F67: طرابلس | G67: اويا YI 593 | H67: 2026-08-19 | I67: 0.41666667 | J67: الحاج مجدى | L67: بالغ | M67: خدمه احاديه (م فقط) | S67: 22200
A68: محمد سعد محب البدوي السيد | B68: 1993-01-30 | C68: 29301301100034 | D68: A45504857 | E68: مطار القاهره | F68: طرابلس | G68: اويا YI 593 | H68: 2026-08-19 | I68: 0.41666667 | J68: الحاج مجدى | L68: بالغ | M68: خدمه احاديه (م فقط) | S68: 22200
A69: احمد علي احمد علي قيله | B69: 2008-10-23 | C69: 30810232502157 | D69: A04571155 | E69: مطار برج العرب | F69: بنغازى | G69: الليبيه LN 211 | H69: 2026-08-24 | I69: 0.29166667 | J69: الحاج مجدى | L69: بالغ | M69: ثلاثيه | S69: 44700
A70: محمد شعبان على على | B70: 1981-02-03 | C70: 28102031301613 | D70: A36329207 | E70: مطار برج العرب | F70: مصراته | G70: البرنيق NB 422 | H70: 2026-08-19 | I70: 0.70833333 | J70: الحاج مجدى | L70: بالغ | M70: خدمه احاديه (م فقط) | S70: 22200
A71: محمد رجب على عبد الجيد | B71: 1991-11-11 | C71: 29111112200334 | D71: A27794558 | E71: مطار برج العرب | F71: مصراته | G71: البرنيق NB 422 | H71: 2026-08-19 | I71: 0.70833333 | J71: الحاج مجدى | L71: بالغ | M71: خدمه احاديه (م فقط) | S71: 22200
A72: تسليم في الشركه بتاريخ 19 اغسطس | T72: 97000
A73: تقديم 19 اغسطس
A74: اشرف فتحي بدوي عبدالغني | B74: 1984-03-21 | C74: 28403210100957 | D74: A46013332 | E74: مطار القاهره | F74: بنغازى | G74: مصر للطيران MS 829 | H74: 2026-08-20 | I74: 0.25 | J74: الحاج مجدى | L74: بالغ | M74: خدمه ثلاثيه | S74: 43925
A75: ايداع بنكي بتاريخ 20 اغسطس | T75: 70000
A76: ايداع بنكي بتاريخ 20 اغسطس | T76: 30000
A77: تسليم في الشركه بتاريخ 20 اغسطس | T77: 250000
A78: تقديم 20 اغسطس
A79: كمال عبدالدايم عوض الله حسن | B79: 1967-12-19 | C79: 26712191301232 | D79: A36661550 | E79: مطار القاهره | F79: بنغازى | G79: مصر للطيران MS 829 | H79: 2026-08-22 | I79: 0.25 | J79: الحاج مجدى | L79: بالغ | M79: خدمه ثلاثيه | S79: 43925
A80: عيد احمد ابو سريع علام | B80: 1969-12-15 | C80: 26912151303053 | D80: A44801085 | E80: مطار القاهره | F80: بنغازى | G80: مصر للطيران MS 829 | H80: 2026-08-22 | I80: 0.25 | J80: الحاج مجدى | L80: بالغ | M80: خدمه ثلاثيه | S80: 43925
A81: محمد فتحي جاد نوفل | B81: 1979-04-01 | C81: 27904011704776 | D81: A41406850 | E81: مطار القاهره | F81: بنغازى | G81: مصر للطيران MS 829 | H81: 2026-08-22 | I81: 0.25 | J81: الحاج مجدى | L81: بالغ | M81: خدمه ثلاثيه | S81: 43925
A82: محمد وهدان محمد عبدالله | B82: 1983-07-03 | C82: 28307031202195 | D82: A40273026 | E82: مطار القاهره | F82: بنغازى | G82: مصر للطيران MS 829 | H82: 2026-08-22 | I82: 0.25 | J82: الحاج مجدى | L82: بالغ | M82: خدمه ثلاثيه | S82: 43925
A83: ناصر محمود بسيوني محمد محمد | B83: 1968-10-21 | C83: 26810211302135 | D83: A41857452 | E83: مطار القاهره | F83: بنغازى | G83: مصر للطيران MS 829 | H83: 2026-08-22 | I83: 0.25 | J83: الحاج مجدى | L83: بالغ | M83: خدمه ثلاثيه | S83: 43925
A84: محمد صالح عبدالفتاح مرسي | B84: 1979-08-19 | C84: 27908191702496 | D84: A40195675 | E84: مطار القاهره | F84: بنغازى | G84: مصر للطيران MS 829 | H84: 2026-08-22 | I84: 0.25 | J84: الحاج مجدى | L84: بالغ | M84: خدمه ثلاثيه | S84: 43925
A85: سامح امين عطوه البحراوي | B85: 1977-12-20 | C85: 27712201601519 | D85: A40161155 | E85: مطار القاهره | F85: بنغازى | G85: مصر للطيران MS 829 | H85: 2026-08-22 | I85: 0.25 | J85: الحاج مجدى | L85: بالغ | M85: خدمه ثلاثيه | S85: 43925
A86: عبدالرحمن عزت عبدالرحمن الالفي | B86: 1977-10-09 | C86: 27710091602139 | D86: A40620908 | E86: مطار القاهره | F86: بنغازى | G86: مصر للطيران MS 829 | H86: 2026-08-22 | I86: 0.25 | J86: الحاج مجدى | L86: بالغ | M86: خدمه ثلاثيه | S86: 43925
A87: امام محمود عبدالله عبدالفتاح | B87: 1968-08-19 | C87: 26808191301558 | D87: A33846758 | E87: مطار القاهره | F87: بنغازى | G87: مصر للطيران MS 829 | H87: 2026-08-22 | I87: 0.25 | J87: الحاج مجدى | L87: بالغ | M87: خدمه ثلاثيه | S87: 43925
A88: رمضان ابراهيم محمد الدسوقي | B88: 1972-10-08 | C88: 27210081201559 | D88: A40177742 | E88: مطار القاهره | F88: بنغازى | G88: مصر للطيران MS 829 | H88: 2026-08-22 | I88: 0.25 | J88: الحاج مجدى | L88: بالغ | M88: خدمه ثلاثيه | S88: 43925
A89: تسليم في الشركه بتاريخ 22 اغسطس | T89: 210000
A90: تقديم 22 اغسطس
A91: رمضان مسعد احمد مسعد الحديدي | B91: 1991-01-01 | C91: 29101011244378 | D91: A45604682 | E91: مطار القاهره | F91: طرابلس | G91: مصر للطيران MS 831 | H91: 2026-08-23 | I91: 0.125 | J91: الحاج مجدى | L91: بالغ | M91: خدمه ثنائيه (م+ت) | S91: 27200
A92: مسعد رضا احمد مسعد | B92: 1990-03-01 | C92: 29002011207454 | D92: A45614628 | E92: مطار القاهره | F92: طرابلس | G92: مصر للطيران MS 831 | H92: 2026-08-23 | I92: 0.125 | J92: الحاج مجدى | L92: بالغ | M92: خدمه ثنائيه (م+ت) | S92: 27200
A93: تقديم 23 اغسطس
A94: اسامه احمد احمد خضر | B94: 1994-02-05 | C94: 29402-52302137 | D94: A44668135 | E94: مطار القاهره | F94: طرابلس | G94: مصر للطيران MS 831 | H94: 2026-08-24 | I94: 0.125 | J94: الحاج مجدى | L94: بالغ | M94: خدمه ثنائيه (م+ت) | S94: 27200
A95: محمود عبد الوهاب نور عبد الرحيم | B95: 1996-02-10 | C95: 29601102703831 | D95: A45743781 | E95: مطار القاهره | F95: طرابلس | G95: مصر للطيران MS 831 | H95: 2026-08-24 | I95: 0.125 | J95: الحاج مجدى | L95: بالغ | M95: خدمه ثنائيه (م+ت) | S95: 27200
A96: مبارك احمد مبارك عيد | B96: 1987-06-10 | C96: 28706102701831 | D96: A29821019 | E96: مطار القاهره | F96: طرابلس | G96: مصر للطيران MS 831 | H96: 2026-08-24 | I96: 0.125 | J96: الحاج مجدى | L96: بالغ | M96: خدمه ثنائيه (م+ت) | S96: 27200
A97: تقديم 24 اغسطس
A98: عفاف العبد حفنى احمد | B98: 1968-08-26 | C98: 26808260103763 | D98: A37782140 | E98: مطار القاهره | F98: طرابلس | G98: مصر للطيران MS 831 | H98: 2026-08-26 | I98: 0.125 | J98: الحاج مجدى | L98: انثى | M98: خدمه ثنائيه (م+ت) | S98: 27200
A99: هشام محمود محمد على نبهان | B99: 1997-09-15 | C99: 29709151100623 | D99: A28019801 | E99: مطار القاهره | F99: طرابلس | G99: مصر للطيران MS 831 | H99: 2026-08-27 | I99: 0.27083333 | J99: الحاج مجدى | L99: بالغ | M99: خدمه ثنائيه (م+ت) | S99: 27200
A100: تسليم في الشركه بتاريخ 25 اغسطس | T100: 20000
...

Sheet عبد الحليم رشوان
A1: الاسم | B1: تاريخ الميلاد | C1: الرقم القومي | D1: رقم الجواز | E1: المنفذ | F1: جهة السفر | G1: شركة الطيران | H1: تاريخ المغادرة | I1: ميعاد المغادرة | J1: الوكيل | K1: مورد الاستثمار | L1: ملاحظات | M1: نوع الخدمه | N1: ملاحظات | O1: ملاحظات | P1: ملاحظات | Q1: مدين دولار | R1: دائن دولار | S1: مدين مصري | T1: دائن مصري
A2: ما قبله | Q2: 0 | R2: 0
A3: تقديم من يوم 8 الي 12
A4: عبد العليم محمد محمد رضوان | B4: 1978-07-20 | C4: 78072083002245 | D4: A33325870 | E4: مطار القاهره | F4: بنغازى | G4: البرنيق NB 0451 | H4: 2026-07-23 | I4: 0.41666667 | J4: عبدالعليم رشوان | L4: بالغ | M4: خدمه ثنائيه (م+ا) | S4: 26200
A5: ايداع بنكي بتاريخ 22 يوليو | T5: 37000
A6: استرداد | S6: 10800
I11: اجمالي المديونيه دولار | J11: =SUM(Q:Q)-SUM(R:R) -> 0
I12: اجمالي المديونيه مصري | J12: =SUM(S:S)-SUM(T:T) -> 0
I13: الرئيسيه

Sheet محمدمنشاوي
A1: الاسم | B1: تاريخ الميلاد | C1: الرقم القومي | D1: رقم الجواز | E1: المنفذ | F1: جهة السفر | G1: شركة الطيران | H1: تاريخ المغادرة | I1: ميعاد المغادرة | J1: الوكيل | K1: مورد الاستثمار | L1: ملاحظات | M1: نوع الخدمه | N1: ملاحظات | O1: ملاحظات | P1: ملاحظات | Q1: مدين دولار | R1: دائن دولار | S1: مدين مصري | T1: دائن مصري
A2: ما قبله | Q2: 0 | R2: 0
A3: تقديم يوم 20 يوليو
A4: محمد منشاوى احمد محمود عامر | B4: 1988-04-01 | C4: 28804012103775 | D4: A39017597 | E4: مطار القاهره | F4: طرابلس | G4: مصر للطيران MS 831 | H4: 2026-07-26 | I4: 0.25 | J4: محمد المنشاوى | L4: بالغ | M4: خدمه احاديه (م فقط) | N4: 22200 | S4: 22000
A5: احمد سعد الدين ابراهيم مرسى سليمان | B5: 1983-01-12 | C5: 28301128800731 | D5: A29185453 | E5: مطار القاهره | F5: طرابلس | G5: مصر للطيران MS 831 | H5: 2026-07-26 | I5: 0.25 | J5: محمد المنشاوى | L5: بالغ | M5: خدمه احاديه (م فقط) | N5: 22200 | S5: 22000
A6: محمد يسرى عبد الرحيم محمد قشطه | B6: 1996-05-04 | C6: 29605041900553 | D6: A36708785 | E6: مطار القاهره | F6: طرابلس | G6: مصر للطيران MS 831 | H6: 2026-07-26 | I6: 0.25 | J6: محمد المنشاوى | L6: بالغ | M6: خدمه احاديه (م فقط) | N6: 22200 | S6: 22000
A7: تسليم في الشركه بتاريخ 20 يوليو | T7: 44000
A8: ايداع بنكي بتاريخ 20 يوليو | T8: 22000
I23: اجمالي المديونيه دولار | J23: =SUM(Q:Q)-SUM(R:R) -> 0
I24: اجمالي المديونيه مصري | J24: =SUM(S:S)-SUM(T:T) -> 0
I25: الرئيسيه

Sheet هاليبرتون (2)
A1: الاسم | B1: تاريخ الميلاد | C1: الرقم القومي | D1: رقم الجواز | E1: المنفذ | F1: جهة السفر | G1: شركة الطيران | H1: تاريخ المغادرة | I1: ميعاد المغادرة | J1: الوكيل | K1: مورد الاستثمار | L1: ملاحظات | M1: نوع الخدمه | N1: ملاحظات | O1: ملاحظات | P1: ملاحظات | Q1: مدين دولار | R1: دائن دولار | S1: مدين مصري | T1: دائن مصري
A2: ما قبله | Q2: 0 | R2: 0
A3: تقديم تقديم 16 يوليو
A4: رامی محى الدين عاشور محمود | B4: 1985-02-07 | C4: 28502073100098 | D4: A37472538 | E4: مطار القاهره | F4: طرابلس | G4: مصر للطيران MS 831 | H4: 2026-07-21 | I4: 0.83333333 | J4: هالبيرتون | L4: بالغ | M4: خدمه احاديه (م فقط) | S4: 22000
A5: تقديم من يوم 8 الي 12
A6: بركات محمد محمد التعل | B6: 1984-11-26 | C6: 284112683210190 | D6: A43361373 | E6: مطار القاهره | F6: طرابلس | G6: مصر للطيران MS 831 | H6: 2026-07-18 | I6: 0.25 | J6: هالبيرتون | L6: بالغ | M6: خدمه احاديه (م فقط) | S6: 22000
A7: احمد عبد الدايم محمد عبد الدايم شلبي | D7: 38035262 | E7: القاهره | F7: طرابلس | G7: مصر للطيران | J7: هالبيرتون | M7: خدمه احاديه (م فقط) | S7: 22000
A8: عبد العزيز محمود فاضل سليم عزيز فاضل | B8: 1986-02-18 | C8: 28602182100051 | D8: A30601287 | E8: مطار القاهره | F8: طرابلس | G8: مصر للطيران MS 831 | H8: 2026-07-25 | I8: 0.27083333 | J8: هالبيرتون | L8: بالغ | M8: خدمه احاديه (م فقط) | S8: 22000
A9: سفر 9 يوليو
A10: يوسف محمد على محمد | B10: 1999-05-09 | C10: 29905090103298 | D10: A32794112 | E10: مطار القاهره | F10: طرابلس | G10: مصر للطيران | H10: 2026-07-09 | I10: 0.27083333 | J10: هالبيرتون | L10: بالغ | M10: خدمه احاديه (م فقط) | S10: 22000
A11: سلمان ابو القاسم محمد سعيد جاد المولى | B11: 1996-09-15 | C11: 29609151806914 | D11: A29473405 | E11: مطار القاهره | F11: طرابلس | G11: مصر للطيران | H11: 2026-07-09 | I11: 0.27083333 | J11: هالبيرتون | L11: بالغ | M11: خدمه احاديه (م فقط) | S11: 22000
A12: سداد رامي محي الدين | T12: 22000
A13: سداد عبد العزيز محمود فاضل | T13: 22000
A14: سداد احمد عبد الدايم | T14: 22000
A15: سداد سلمان ابو القاسم | T15: 22000
A16: سداد يوسف محمد علي | T16: 22000
A17: تقديم 21 يوليو
A18: مؤمن محمد على حسين احمد | B18: 1995-11-01 | C18: 29511013100172 | D18: A30059814 | E18: مطار القاهره | F18: طرابلس | G18: مصر للطيران MS 831 | H18: 2026-07-25 | I18: 0.16666667 | J18: هالبيرتون | L18: بالغ | M18: خدمه احاديه (م فقط) | S18: 22000
A19: محمد جمال محمد طرمان | B19: 1992-02-16 | C19: 29202163300274 | D19: A37850893 | E19: مطار القاهره | F19: بنغازى | G19: مصر للطيران MS 829 | H19: 2026-07-30 | I19: 0.16666667 | J19: هالبيرتون | L19: بالغ | M19: خدمه احاديه (م فقط) | S19: 22000
A20: سداد محمد جمال طرمان | T20: 22000
A21: سداد مومن محمد علي في الخزنه | T21: 22000
A22: سداد عبد الغفار مصادف فضل في الخزنه | T22: 22000
A23: تقديم 22 يوليو
A24: عبد الغفار مصادف فضل ابوبكر | B24: 1985-12-10 | C24: 28512103300475 | D24: A27826117 | E24: مطار القاهره | F24: بنغازى | G24: مصر للطيران MS 829 | H24: 2026-07-26 | I24: 0.25 | J24: هالبيرتون | L24: بالغ | M24: خدمه احاديه (م فقط) | S24: 22000
A25: ايداع بنكي | T25: 22000
A26: ايداع بنكي باسم محمد يسري احمد حسين | T26: 22000
A27: تقديم 26 يوليو
A28: محمد يسرى احمد حسين | B28: 1989-06-26 | C28: 28906260102651 | D28: A44011806 | E28: مطار القاهره | F28: بنغازى | G28: مصر للطيران MS 829 | H28: 2026-07-28 | I28: 0.25 | J28: هالبيرتون | L28: بالغ | M28: خدمه احاديه (م فقط) | S28: 22000
A29: ايداع بنكي احمد عادل احمد منصور | T29: 22000
A30: ايداع بنكي محمود الحسيتي الحسيني عبد ربه | T30: 22000
A31: تقديم 27 يوليو
A32: محمد طارق السيد محمد فهمي | B32: 1996-08-08 | C32: 29608080100938 | D32: A30052306 | E32: مطار القاهره | F32: بنغازى | G32: مصر للطيران MS 829 | H32: 2026-07-29 | I32: 0.25 | J32: هالبيرتون | L32: بالغ | M32: خدمه احاديه (م فقط) | S32: 22000
A33: احمد عادل احمد السيد منصور | B33: 1984-10-10 | C33: 28410100103256 | D33: A37255717 | E33: مطار القاهره | F33: بنغازى | G33: مصر للطيران MS 829 | H33: 2026-07-28 | I33: 0.25 | J33: هالبيرتون | L33: بالغ | M33: خدمه احاديه (م فقط) | S33: 22000
A34: محمود الحسيني الحسيني عبدربه | B34: 1990-02-01 | C34: 29002011206818 | D34: A31121237 | E34: مطار القاهره | F34: بنغازى | G34: مصر للطيران MS 829 | H34: 2026-07-28 | I34: 0.25 | J34: هالبيرتون | L34: بالغ | M34: خدمه احاديه (م فقط) | S34: 22000
A35: ايداع بنكي محمد اشرف | T35: 22000
A36: ايداع بنكي محمود محمد احمد | T36: 22000
A37: ايداع بنكي ايمن محمد احمد | T37: 22000
A38: ايداع بنكي علاء سعد الدين | T38: 22000
A39: ايداع بنكي صلاح حمدي محمد | T39: 22000
A40: ايداع بنكي عبد الرحمن محمد محود | T40: 22000
A41: تقديم 28 يوليو
A42: محمود محمد احمد مرسى | B42: 1992-05-04 | C42: 29205041300931 | D42: A39770118 | E42: مطار القاهره | F42: بنغازى | G42: مصر للطيران MS 829 | H42: 2026-08-02 | I42: 0.125 | J42: هالبيرتون | L42: بالغ | M42: خدمه احاديه (م فقط) | S42: 22000
A43: صلاح حمدى محمد صلاح الدين محمد الضامن | B43: 1994-11-10 | C43: 29411101702714 | D43: A29451978 | E43: مطار القاهره | F43: بنغازى | G43: مصر للطيران MS 829 | H43: 2026-08-02 | I43: 0.125 | J43: هالبيرتون | L43: بالغ | M43: خدمه احاديه (م فقط) | S43: 22000
A44: علاء سعد الدين احمد مرسى الخولى | B44: 1991-01-01 | C44: 2911011325475 | D44: A37662694 | E44: مطار القاهره | F44: بنغازى | G44: مصر للطيران MS 829 | H44: 2026-08-02 | I44: 0.125 | J44: هالبيرتون | L44: بالغ | M44: خدمه احاديه (م فقط) | S44: 22000
A45: عبد الرحمن محمد محمود ابراهيم حسنين | B45: 1993-06-23 | C45: 29306232100517 | D45: A33059233 | E45: مطار القاهره | F45: طرابلس | G45: مصر للطيران MS 831 | H45: 2026-08-04 | I45: 0.16666667 | J45: هالبيرتون | L45: بالغ | M45: خدمه احاديه (م فقط) | S45: 22000
A46: ايمن محمد احمد خليل عبد العال | B46: 1978-12-09 | C46: 27812091302558 | D46: A34217453 | E46: مطار القاهره | F46: بنغازى | G46: مصر للطيران MS 829 | H46: 2026-08-02 | I46: 0.125 | J46: هالبيرتون | L46: بالغ | M46: خدمه احاديه (م فقط) | S46: 22000
A47: محمد اشرف محمد عبد العزيز عوض الله | B47: 1997-09-01 | C47: 29709011317411 | D47: A42649019 | E47: مطار القاهره | F47: طرابلس | G47: مصر للطيران MS 831 | H47: 2026-07-29 | I47: 0.125 | J47: هالبيرتون | L47: بالغ | M47: خدمه احاديه (م فقط) | S47: 22000
A48: ايداع بنكي باسم محمد طارق السيد محمد فهمي | T48: 22000
A49: ايداع بنكي باسم اسلام محسن سيد عبد المحسن | T49: 22000
A50: تقديم 30 يوليو
A51: اسلام محسن سيد عبد المحسن | B51: 1991-11-16 | C51: 29111162103691 | D51: A45719446 | E51: مطار القاهره | F51: بنغازى | G51: مصر للطيران MS 829 | H51: 2026-08-04 | I51: 0.25 | J51: هالبيرتون | L51: خدمه احاديه (م فقط) | M51: بالغ | S51: 22000
A52: شريف السيد المتولى محمد | B52: 1982-07-25 | C52: 28207253300077 | D52: A45639658 | E52: مطار القاهره | F52: بنغازى | G52: مصر للطيران MS 829 | H52: 2026-08-04 | I52: 0.25 | J52: هالبيرتون | L52: خدمه احاديه (م فقط) | M52: بالغ | S52: 22000
A53: ايداع بنكي باسم شريف السيد | T53: 22000
A54: ايداع بنكي باسم احمد فتح الله | T54: 22000
A55: تقديم 5 اغسطس
A56: احمد فتح الله راتب النجار | B56: 1986-12-17 | C56: 28611171802916 | D56: A38010789 | E56: مطار القاهره | F56: بنغازى | G56: مصر للطيران MS 829 | H56: 2026-08-10 | I56: 0.125 | J56: هالبيرتون | L56: بالغ | M56: خدمه احاديه (م فقط) | S56: 22000
A57: ايداع بنكي باسم محمود علي احمد فارس 11 اغسطس | T57: 22000
A58: ايداع بنكي باسم طه حسين 12 اغسطس | T58: 22000
A59: تقديم 12 اغسطس
A60: طه حسين سيد سمور | B60: 1989-04-23 | C60: 28904232701333 | D60: A32949633 | E60: مطار القاهره | F60: بنغازى | G60: مصر للطيران MS 829 | H60: 2026-08-17 | I60: 0.25 | J60: هالبيرتون | L60: بالغ | M60: خدمه احاديه (م فقط) | S60: 22000
A61: تسليم في الشركه بتاريخ 20 اغسطس | T61: 22000
A62: تقديم 21 اغسطس
A63: عبد الرحمن محمد رزق حسين | B63: 1993-01-01 | C63: 29306042101592 | D63: A44839893 | E63: مطار القاهره | F63: بنغازى | G63: مصر للطيران MS 829 | H63: 2026-09-06 | I63: 0.125 | J63: هالبيرتون | L63: بالغ | M63: خدمه احاديه (م فقط) | S63: 22000
I67: اجمالي المديونيه دولار | J67: =SUM(Q:Q)-SUM(R:R) -> 0
I68: اجمالي المديونيه مصري | J68: =SUM(S:S)-SUM(T:T) -> -22000
I69: الرئيسيه

Sheet دكتور عبد الله
A1: الاسم | B1: تاريخ الميلاد | C1: الرقم القومي | D1: رقم الجواز | E1: المنفذ | F1: جهة السفر | G1: شركة الطيران | H1: تاريخ المغادرة | I1: ميعاد المغادرة | J1: الوكيل | K1: مورد الاستثمار | L1: ملاحظات | M1: نوع الخدمه | N1: ملاحظات | O1: ملاحظات | P1: ملاحظات | Q1: مدين دولار | R1: دائن دولار | S1: مدين مصري | T1: دائن مصري
A2: ما قبله | Q2: 0 | R2: 0 | T2: 0
A3: تسليم في الشركه بتاريخ 12 اغسطس | T3: 90000
A4: تقديم 13 اغسطس
A5: فاروق علاء الدين الامير فاروق الباز | B5: 2001-10-01 | C5: 30110011357134 | D5: A45311297 | E5: مطار القاهره | F5: بنغازى | G5: مصر للطيران MS 829 | H5: 2026-08-16 | I5: 0.83333333 | J5: د/عبدالله الانصاري | L5: بالغ | M5: خدمه ثلاثيه | S5: 43925
A6: مصطفى ابراهيم حسن حسيب الريس | B6: 2000-09-30 | C6: 30009300111213 | D6: A45885890 | E6: مطار القاهره | F6: بنغازى | G6: مصر للطيران MS 829 | H6: 2026-08-16 | I6: 0.83333333 | J6: د/عبدالله الانصاري | L6: بالغ | M6: خدمه ثلاثيه | S6: 43925
I11: اجمالي المديونيه دولار | J11: =SUM(Q:Q)-SUM(R:R) -> 0
I12: اجمالي المديونيه مصري | J12: =SUM(S:S)-SUM(T:T) -> -2150
I13: الرئيسيه

Sheet اللواء حاتم محمود
A1: الاسم | B1: تاريخ الميلاد | C1: الرقم القومي | D1: رقم الجواز | E1: المنفذ | F1: جهة السفر | G1: شركة الطيران | H1: تاريخ المغادرة | I1: ميعاد المغادرة | J1: الوكيل | K1: مورد الاستثمار | L1: ملاحظات | M1: نوع الخدمه | N1: ملاحظات | O1: ملاحظات | P1: ملاحظات | Q1: مدين دولار | R1: دائن دولار | S1: مدين مصري | T1: دائن مصري
A2: ما قبله | S2: 0 | T2: 0
A4: سفر 1 يوليو
A5: ميسون علي الامين علي | B5: 33547 | E5: مطار القاهره | F5: اسطنبول | G5: التركيه | J5: اللواء حاتم | L5: سوداني | Q5: 350
A6: تسليم ليد احمد بتاريخ 30 يونيو | R6: 350
A7: سفر 1 يوليو
A8: معاذ ابو القاسم محمد امسيك | B8: 34738 | E8: طرابلس | F8: مطار القاهره | G8: مصر للطيران S830 | J8: اللواء حاتم | L8: ليبي | M8: عادي | Q8: 125
A9: تسليم في الشركه بتاريخ 10 اغسطس | R9: 125
A10: تسليم في الشركه بتاريخ 13 اغسطس | T10: 66600
A11: تقديم 13 اغسطس
A12: محمد مصطفى محمود عبد الشافى | B12: 1971-04-09 | C12: 27104090101953 | D12: A31772405 | E12: مطار القاهره | F12: بنغازى | G12: البرنيق NB 0451 | H12: 2026-08-16 | I12: 0.41666667 | J12: اللواء حاتم محمود | L12: بالغ | M12: خدمه احاديه (م فقط) | S12: 22200
A13: عادل احمد عبد النعيم عبد العال | B13: 1965-02-27 | C13: 26502270200838 | D13: A30171521 | E13: مطار القاهره | F13: بنغازى | G13: البرنيق NB 0451 | H13: 2026-08-16 | I13: 0.41666667 | J13: اللواء حاتم محمود | L13: بالغ | M13: خدمه احاديه (م فقط) | S13: 22200
A14: انس عبد العظيم رفاعى عبد العظيم | B14: 1969-11-18 | C14: 26911182101819 | D14: A389266521 | E14: مطار القاهره | F14: بنغازى | G14: البرنيق NB 0451 | H14: 2026-08-16 | I14: 0.41666667 | J14: اللواء حاتم محمود | L14: بالغ | M14: خدمه احاديه (م فقط) | S14: 22200
I20: اجمالي المديونيه دولار | J20: =SUM(Q:Q)-SUM(R:R) -> 0
I21: اجمالي المديونيه مصري | J21: =SUM(S:S)-SUM(T:T) -> 0
I22: الرئيسيه

Sheet خالد نجيب
A1: الاسم | B1: تاريخ الميلاد | C1: الرقم القومي | D1: رقم الجواز | E1: المنفذ | F1: جهة السفر | G1: شركة الطيران | H1: تاريخ المغادرة | I1: ميعاد المغادرة | J1: الوكيل | K1: مورد الاستثمار | L1: ملاحظات | M1: نوع الخدمه | N1: ملاحظات | O1: ملاحظات | P1: ملاحظات | Q1: مدين دولار | R1: دائن دولار | S1: مدين مصري | T1: دائن مصري
A2: ما قبله | Q2: 0 | R2: 0 | S2: 257450 | T2: 0
A3: دفعه من دروب بتاريخ 1 يوليو | T3: 126050
A4: سفر 3 يوليو
A5: السيد احمد محمد وهيبى | B5: 1973-05-30 | C5: 27305302601876 | D5: A35110733 | E5: مطار القاهره | F5: طرابلس | G5: اير كايرو | H5: 2026-07-03 | I5: 0.52430556 | J5: خالد نجيب | L5: بالغ | M5: خدمه ثنائيه (م+ت) | S5: 26000
A6: احمد جمال محمد محمد | B6: 2000-11-14 | C6: 30011142402072 | D6: A37914162 | E6: مطار برج العرب | F6: بنغازى | G6: البراق | H6: 2026-07-03 | I6: 0.83333333 | J6: خالد نجيب | L6: بالغ | M6: خدمه ثلاثيه | S6: 43225
A7: عبد الرحمن مصطفى ابراهيم رشيد محمود | B7: 2010-03-31 | C7: 31003312400119 | D7: A44944599 | E7: مطار برج العرب | F7: بنغازى | G7: البراق | H7: 2026-07-03 | I7: 0.83333333 | J7: خالد نجيب | L7: بالغ | M7: خدمه ثلاثيه | S7: 43225
A8: احمد محمد عبد المعبود على | B8: 2007-11-08 | C8: 30711082404498 | D8: A45150622 | E8: مطار برج العرب | F8: بنغازى | G8: البراق | H8: 2026-07-03 | I8: 0.83333333 | J8: خالد نجيب | L8: بالغ | M8: خدمه ثلاثيه | S8: 43225
A9: عبد الرحمن مصطفى جمعه حسين دسوقي | B9: 2012-01-24 | C9: 31201242400511 | D9: A44962691 | E9: مطار برج العرب | F9: بنغازى | G9: البراق | H9: 2026-07-03 | I9: 0.83333333 | J9: خالد نجيب | L9: بالغ | M9: خدمه ثلاثيه | S9: 43225
A10: احمد محمد السيد على | B10: 1982-12-12 | C10: 28212122402676 | D10: A39000770 | E10: مطار برج العرب | F10: بنغازى | G10: البراق | H10: 2026-07-03 | I10: 0.83333333 | J10: خالد نجيب | L10: بالغ | M10: خدمه ثلاثيه | S10: 43225
A11: عاصم سعداوى مبروك على ابراهيم | B11: 2009-11-22 | C11: 30911222401671 | D11: A43189644 | E11: مطار برج العرب | F11: بنغازى | G11: البراق | H11: 46206 | I11: 0.83333333 | J11: خالد نجيب | L11: بالغ | M11: خدمه ثلاثيه | S11: 43225
A12: عادل سعودي ابراهيم سعودي | B12: 1999-08-14 | C12: 29908142400716 | D12: A44664625 | E12: مطار برج العرب | F12: بنغازى | G12: البراق | H12: 2026-07-03 | I12: 0.83333333 | J12: خالد نجيب | L12: بالغ | M12: خدمه ثلاثيه | S12: 43225
A13: مصطفى خلف محمد عبد الرحيم | B13: 1996-06-30 | C13: 29606302401432 | D13: A42737692 | E13: مطار برج العرب | F13: بنغازى | G13: البراق | H13: 2026-07-03 | I13: 0.83333333 | J13: خالد نجيب | L13: بالغ | M13: خدمه ثلاثيه | S13: 43225
A14: عبد اللطيف عماد نعاس عبد اللطيف عبد السلام | B14: 2012-05-22 | C14: 31205222400278 | D14: A44147127 | E14: مطار برج العرب | F14: بنغازى | G14: البراق | H14: 2026-07-03 | I14: 0.83333333 | J14: خالد نجيب | L14: بالغ | M14: خدمه ثلاثيه | S14: 43225
A15: حازم مبروك عبد العزيز عبد الرزاق | B15: 2011-08-20 | C15: 31108202402198 | D15: A41542359 | E15: مطار برج العرب | F15: بنغازى | G15: البراق | H15: 2026-07-03 | I15: 0.83333333 | J15: خالد نجيب | L15: بالغ | M15: خدمه ثلاثيه | S15: 43225
A16: محمد مبروك منير محمد عبد اللطيف | B16: 2009-07-23 | C16: 30907232400153 | D16: A37556978 | E16: مطار برج العرب | F16: بنغازى | G16: البراق | H16: 2026-07-03 | I16: 0.83333333 | J16: خالد نجيب | L16: بالغ | M16: خدمه ثلاثيه | S16: 43225
A17: اسلام اشرف غانم محمد عبد العليم | B17: 2007-07-01 | C17: 30707012406658 | D17: A31403962 | E17: مطار برج العرب | F17: بنغازى | G17: البراق | H17: 2026-07-03 | I17: 0.83333333 | J17: خالد نجيب | L17: بالغ | M17: خدمه ثلاثيه | S17: 43225
A18: عمر رجب غانم محمد | B18: 2007-12-22 | C18: 30712222402179 | D18: A30527993 | E18: مطار برج العرب | F18: بنغازى | G18: البراق | H18: 2026-07-03 | I18: 0.83333333 | J18: خالد نجيب | L18: بالغ | M18: خدمه ثلاثيه | S18: 43225
A19: محمود حماده عبد الغنى محمد | B19: 1991-03-24 | C19: 29103242402599 | D19: A44647601 | E19: مطار برج العرب | F19: بنغازى | G19: البراق | H19: 2026-07-03 | I19: 0.83333333 | J19: خالد نجيب | L19: بالغ | M19: خدمه ثلاثيه | S19: 43225
A20: عطا اشرف عطا الله شافع | B20: 1999-11-06 | C20: 29911062402476 | D20: A32354840 | E20: مطار برج العرب | F20: بنغازى | G20: البراق | H20: 2026-07-03 | I20: 0.83333333 | J20: خالد نجيب | L20: بالغ | M20: خدمه ثلاثيه | S20: 43225
A21: اسلام انور احمد على | B21: 2002-04-07 | C21: 30204072400398 | D21: A45156250 | E21: مطار برج العرب | F21: بنغازى | G21: البراق | H21: 2026-07-03 | I21: 0.83333333 | J21: خالد نجيب | L21: بالغ | M21: خدمه ثلاثيه | S21: 43225
A22: محمد حسنى عزيز محمد عبد الله | B22: 2012-01-01 | C22: 31201012400415 | D22: A44666244 | E22: مطار برج العرب | F22: بنغازى | G22: البراق | H22: 2026-07-03 | I22: 0.83333333 | J22: خالد نجيب | L22: بالغ | M22: خدمه ثلاثيه | S22: 43225
A23: رمضان عزيز محمد عبدالله | B23: 1988-06-02 | C23: 28806022402498 | D23: A44666233 | E23: مطار برج العرب | F23: بنغازى | G23: البراق | H23: 2026-07-03 | I23: 0.83333333 | J23: خالد نجيب | L23: بالغ | M23: خدمه ثلاثيه | S23: 43225
... A37: اشرف عاطف محمد زكي محمد | B37: 2009-11-05 | C37: 30911052400896 | D37: A44641079 | E37: مطار برج العرب | F37: بنغازى | G37: البراق | H37: 2026-07-03 | I37: 0.83333333 | J37: خالد نجيب | L37: بالغ | M37: خدمه ثلاثيه | S37: 43225
A38: شعبان محمد شعبان خليفه محمد | B38: 25-1-2002 | D38: 39889910 | E38: مطار برج العرب | F38: بنغازى | G38: البراق | H38: 2026-07-03 | I38: 0.83333333 | J38: خالد نجيب | L38: بالغ | M38: خدمه ثلاثيه | S38: 43225
A39: سفر يوم4 يوليو
A40: محمد اسماعيل مبروك عبد الغفار | B40: 1994-07-01 | C40: 29407011800876 | D40: A31326274 | E40: مطار برج العرب | F40: بنغازى | G40: الليبيه | H40: 2026-07-04 | I40: 0 | J40: خالد نجيب | L40: بالغ | M40: خدمه ثلاثيه | S40: 43225
A41: احمد حلمى عبد الرازق على خضر | B41: 1994-03-16 | C41: 29403161803053 | D41: A40384688 | E41: مطار برج العرب | F41: بنغازى | G41: الليبيه | H41: 2026-07-04 | I41: 0 | J41: خالد نجيب | L41: بالغ | M41: خدمه ثلاثيه | S41: 43225
A42: كريم اسماعيل مبروك شلتوت | B42: 1989-01-01 | C42: 28901011803671 | D42: A31230193 | E42: مطار برج العرب | F42: بنغازى | G42: الليبيه | H42: 2026-07-04 | I42: 0 | J42: خالد نجيب | L42: بالغ | M42: خدمه ثلاثيه | S42: 43225
A43: حسام كمال راغب الجمسى | B43: 1991-04-24 | C43: 29104241800236 | D43: A37491261 | E43: مطار برج العرب | F43: بنغازى | G43: الليبيه | H43: 2026-07-04 | I43: 0 | J43: خالد نجيب | L43: بالغ | M43: خدمه ثلاثيه | S43: 43225
A44: حماده حامد احمد رمضان شلتوت | B44: 1992-05-21 | C44: 29205211800071 | D44: A43430529 | E44: مطار برج العرب | F44: بنغازى | G44: الليبيه | H44: 2026-07-04 | I44: 0 | J44: خالد نجيب | L44: بالغ | M44: خدمه ثلاثيه | S44: 43225
A45: عبد الرحمن رمضان محمود عبد الفتاح | B45: 1992-10-13 | C45: 29210132402152 | D45: A32142685 | E45: مطار القاهره | F45: بنغازى | G45: مصر للطيران | H45: 2026-07-04 | I45: 0.125 | J45: خالد نجيب | L45: بالغ | M45: خدمه ثلاثيه | S45: 43725
A46: جمال بحيري ابراهيم شرموخ | B46: 2002-12-04 | C46: 30212042400477 | D46: A45142542 | E46: مطار القاهره | F46: بنغازى | G46: مصر للطيران | H46: 2026-07-04 | I46: 0.125 | J46: خالد نجيب | L46: بالغ | M46: خدمه ثلاثيه | S46: 43725
A47: محمد طه شرموخ الدقش شرموخ | B47: 2008-03-13 | C47: 30803132400059 | D47: A34725405 | E47: مطار القاهره | F47: بنغازى | G47: مصر للطيران | H47: 2026-07-04 | I47: 0.125 | J47: خالد نجيب | L47: بالغ | M47: خدمه ثلاثيه | S47: 43725
A48: محمد خميس سيد بدوی بدوی | B48: 1996-03-18 | C48: 29603182402554 | D48: A28592265 | E48: مطار القاهره | F48: بنغازى | G48: مصر للطيران | H48: 2026-07-04 | I48: 0.125 | J48: خالد نجيب | L48: بالغ | M48: خدمه ثلاثيه | S48: 43725
A49: رجب حمدى محمد ابراهيم | B49: 2004-09-08 | C49: 20409082400338 | D49: A44962477 | E49: مطار القاهره | F49: بنغازى | G49: مصر للطيران | H49: 2026-07-04 | I49: 0.125 | J49: خالد نجيب | L49: بالغ | M49: خدمه ثلاثيه | S49: 43725
A50: حسین محمد جمعه خضر خضر | B50: 2007-10-20 | C50: 30710202405837 | D50: A37917131 | E50: مطار القاهره | F50: بنغازى | G50: مصر للطيران | H50: 2026-07-04 | I50: 0.125 | J50: خالد نجيب | L50: بالغ | M50: خدمه ثلاثيه | S50: 43725
A51: احمد على محمد على | B51: 1997-08-21 | C51: 29708212402151 | D51: A40822459 | E51: مطار القاهره | F51: بنغازى | G51: مصر للطيران | H51: 2026-07-04 | I51: 0.125 | J51: خالد نجيب | L51: بالغ | M51: خدمه ثلاثيه | S51: 43725
... A58: محمود صديق على محمود | B58: 1991-07-28 | C58: 29107282603231 | D58: A30736719 | E58: مطار برج العرب | F58: بنغازى | G58: البراق | H58: 2026-07-04 | I58: 0.91666667 | J58: خالد نجيب | L58: بالغ | M58: خدمه ثلاثيه | S58: 43225
A59: سفر 5 يوليو
A60: عيد محمد عبدالجواد محمد | B60: 1975-10-16 | C60: 27510162401611 | D60: A44641027 | E60: مطار القاهره | F60: طرابلس | G60: البراق | H60: 2026-07-05 | I60: 0.086805556 | J60: خالد نجيب | L60: بالغ | M60: خدمه ثنائيه (م+ا) | S60: 26000
A61: تسليم ليد محمد رفعت بتاريخ 8 يوليو | T61: 1584000
A62: سفر 8 يوليو
A63: عمرو سليم ابو الفضل احمد | B63: 1983-11-01 | C63: 28311012701994 | D63: A44614841 | E63: منفذ السلوم | F63: بنغازى | G63: اتوبيس | H63: 2026-07-08 | I63: 0.083333333 | J63: خالد نجيب | L63: بالغ | M63: خدمه ثنائيه (م+ا) | S63: 38750
A64: تسليم في الشركه بتاريخ 12 يوليو | T64: 604000
A65: تقديم يوم 13 يوليو
A66: رمضان محمد السيد ابوبكر | B66: 1973-07-01 | C66: مستعجل | D66: A44967394 | E66: مطار القاهره | F66: طرابلس | G66: اير كايرو SM 231 | H66: 2026-07-15 | J66: خالد نجيب | L66: بالغ | M66: خدمه ثنائيه (م+ت) | S66: 26400
A67: رمضان عيد فهيم محمد | B67: 1971-10-31 | C67: مستعجل | D67: A45148883 | E67: مطار القاهره | F67: طرابلس | G67: اير كايرو SM 231 | H67: 2026-07-15 | J67: خالد نجيب | L67: بالغ | M67: خدمه ثنائيه (م+ت) | S67: 26400
A68: على زكى على حسين حسين | B68: 1972-01-09 | C68: مستعجل | D68: A45136566 | E68: مطار القاهره | F68: طرابلس | G68: اير كايرو SM 231 | H68: 2026-07-15 | J68: خالد نجيب | L68: بالغ | M68: خدمه ثنائيه (م+ت) | S68: 26400
A69: عيد رمضان على محمد محمد | B69: 1980-08-16 | C69: مستعجل | D69: A33288821 | E69: مطار القاهره | F69: طرابلس | G69: اير كايرو SM 231 | H69: 2026-07-15 | J69: خالد نجيب | L69: بالغ | M69: خدمه ثنائيه (م+ت) | S69: 26400
A70: هلال سمير شحاته عبد المجيد | B70: 1986-02-25 | C70: مستعجل | D70: A37075746 | E70: مطار برج العرب | F70: بنغازى | G70: الليبيه LN 209 | H70: 2026-07-15 | J70: خالد نجيب | L70: بالغ | M70: خدمه ثلاثيه | S70: 43625
A71: اسلام رجب عبد الحميد محمد احمد | B71: 2011-01-02 | C71: مستعجل | D71: A41048970 | E71: مطار برج العرب | F71: بنغازى | G71: الليبيه LN 209 | H71: 2026-07-15 | J71: خالد نجيب | L71: بالغ | M71: خدمه ثلاثيه | S71: 43625
A72: عصام فيصل صالح ابراهيم محمد | B72: 2010-04-01 | C72: مستعجل | D72: A42748537 | E72: مطار برج العرب | F72: بنغازى | G72: الليبيه LN 209 | H72: 2026-07-15 | J72: خالد نجيب | L72: بالغ | M72: خدمه ثلاثيه | S72: 43625
A73: وائل خميس رمضان عبد الحفيظ | B73: 2002-02-07 | C73: مستعجل | D73: A41003525 | E73: مطار برج العرب | F73: بنغازى | G73: الليبيه LN 209 | H73: 2026-07-15 | J73: خالد نجيب | L73: بالغ | M73: خدمه ثلاثيه | S73: 43625
A74: محمد مصطفى محمد احمد | B74: 1998-12-24 | C74: مستعجل | D74: A29900911 | E74: مطار برج العرب | F74: بنغازى | G74: الليبيه LN 209 | H74: 2026-07-15 | J74: خالد نجيب | L74: بالغ | M74: خدمه ثلاثيه | S74: 43625
A75: عبد الرحمن يحى مصطفى محمد | B75: 1999-12-17 | C75: مستعجل | D75: A44668350 | E75: مطار برج العرب | F75: بنغازى | G75: الليبيه LN 209 | H75: 2026-07-15 | J75: خالد نجيب | L75: بالغ | M75: خدمه ثلاثيه | S75: 43625
A76: احمد عصمت محمد محمود | B76: 1993-05-13 | C76: مستعجل | D76: A33431690 | E76: مطار برج العرب | F76: بنغازى | G76: الليبيه LN 209 | H76: 2026-07-15 | J76: خالد نجيب | L76: بالغ | M76: خدمه ثلاثيه | S76: 43625
A77: ابوبكر مصطفى حمدى عبد السلام | B77: 2003-12-01 | C77: مستعجل | D77: A45148240 | E77: مطار برج العرب | F77: بنغازى | G77: الليبيه LN 209 | H77: 2026-07-15 | J77: خالد نجيب | L77: بالغ | M77: خدمه ثلاثيه | S77: 43625
... A82: محمد يحى اسماعيل عامر | B82: 1984-11-08 | C82: مستعجل | D82: A28496512 | E82: مطار برج العرب | F82: بنغازى | G82: اير ليبيا 7Q 148 | H82: 2026-07-14 | J82: خالد نجيب | L82: بالغ | M82: خدمه ثلاثيه | S82: 43625
A83: تقديم 15 يوليو
A84: عمر عبد الله رجب عبد الله | B84: 1992-03-08 | C84: 29203082403431 | D84: A43029928 | E84: مطار برج العرب | F84: بنغازى | G84: الليبيه LN 213 | H84: 2026-07-15 | I84: 0.083333333 | J84: خالد نجيب | L84: بالغ | M84: خدمه ثلاثيه | S84: 43425
A85: صلاح اسماعيل اسماعيل السعراوى | B85: 1975-09-06 | C85: 27509063307102 | D85: A45622424 | E85: مطار برج العرب | F85: طرابلس | G85: الافريقيه 8U 437 | H85: 2026-07-19 | I85: 0.20833333 | J85: خالد نجيب | L85: بالغ | M85: خدمه ثنائيه (م+ت) | S85: 25200
A86: محمد محمد ابو المعاطى دعيس | B86: 1965-07-31 | C86: 26507311201251 | D86: A45615234 | E86: مطار برج العرب | F86: طرابلس | G86: الافريقيه 8U 437 | H86: 2026-07-19 | I86: 0.20833333 | J86: خالد نجيب | L86: بالغ | M86: خدمه ثنائيه (م+ت) | S86: 25200
A87: حمدى السادات محمد على المناغيه | B87: 1972-06-26 | C87: 27206261201797 | D87: A45606079 | E87: مطار برج العرب | F87: طرابلس | G87: الافريقيه 8U 437 | H87: 2026-07-19 | I87: 0.20833333 | J87: خالد نجيب | L87: بالغ | M87: خدمه ثنائيه (م+ت) | S87: 25200
A88: تقديم 17 يوليو
A89: محمد حماده رجب على احمد | B89: 2010-08-24 | C89: 31008242400134 | D89: A44655339 | E89: مطار برج العرب | F89: بنغازى | G89: اير ليبيا 7Q 148 | H89: 2026-07-18 | I89: 0.83333333 | J89: خالد نجيب | L89: بالغ | M89: خدمه ثلاثيه | S89: 43425
A90: محمد رجب محمد ابو الهنا عبد الله | B90: 2013-01-05 | C90: 31301052400277 | D90: A45398838 | E90: مطار برج العرب | F90: بنغازى | G90: اير ليبيا 7Q 148 | H90: 2026-07-18 | I90: 0.83333333 | J90: خالد نجيب | L90: بالغ | M90: خدمه ثلاثيه | S90: 43425
A91: مصطفى عادل مبروك مرسى | B91: 1988-11-15 | C91: 28811152404879 | D91: A31178430 | E91: مطار القاهره | F91: طرابلس | G91: اير كايرو SM 231 | H91: 2026-07-19 | I91: 0.083333333 | J91: خالد نجيب | L91: بالغ | M91: خدمه ثنائيه (م+ت) | S91: 26200
A92: عيسى محمد عبد الحى على | B92: 1967-09-19 | C92: 26709190101077 | D92: A45428645 | E92: مطار القاهره | F92: طرابلس | G92: اير كايرو SM 231 | H92: 2026-07-19 | I92: 0.083333333 | J92: خالد نجيب | L92: بالغ | M92: خدمه ثنائيه (م+ت) | S92: 26200
A93: رجب كرم عبد المقصود مهنى | B93: 1993-08-05 | C93: 29308052403654 | D93: A44641763 | E93: مطار برج العرب | F93: بنغازى | G93: اير ليبيا 7Q 148 | H93: 2026-07-18 | I93: 0.83333333 | J93: خالد نجيب | L93: بالغ | M93: خدمه ثلاثيه | S93: 43425
A94: رزق نور الدين سيد زهنى | B94: 1979-01-16 | C94: 27901162403558 | D94: A44406483 | E94: مطار برج العرب | F94: بنغازى | G94: اير ليبيا 7Q 148 | H94: 2026-07-18 | I94: 0.83333333 | J94: خالد نجيب | L94: بالغ | M94: خدمه ثلاثيه | S94: 43425
A95: يوسف عاشور عطيه مشاضي محمد | B95: 2011-09-01 | C95: 31109012404417 | D95: A45139646 | E95: مطار برج العرب | F95: بنغازى | G95: اير ليبيا 7Q 148 | H95: 2026-07-18 | I95: 0.83333333 | J95: خالد نجيب | L95: بالغ | M95: خدمه ثلاثيه | S95: 43425
A96: ايمن رجب عرفات محمد مصطفى | B96: 2007-12-30 | C96: 30712302401432 | D96: A45394829 | E96: مطار برج العرب | F96: بنغازى | G96: اير ليبيا 7Q 148 | H96: 2026-07-18 | I96: 0.83333333 | J96: خالد نجيب | L96: بالغ | M96: خدمه ثلاثيه | S96: 43425
A97: الصابر حجاج محمد محمد | B97: 2001-02-03 | C97: 30102032403834 | D97: A45445528 | E97: مطار برج العرب | F97: بنغازى | G97: اير ليبيا 7Q 148 | H97: 2026-07-18 | I97: 0.83333333 | J97: خالد نجيب | L97: بالغ | M97: خدمه ثلاثيه | S97: 43425
A98: عبد الله محمد السيد السايح | B98: 2001-05-19 | C98: 20191200714 | D98: A45622421 | E98: مطار برج العرب | F98: بنغازى | G98: اير ليبيا 7Q 148 | H98: 2026-07-18 | I98: 0.83333333 | J98: خالد نجيب | L98: بالغ | M98: خدمه ثلاثيه | S98: 43425
A99: نصر حسين محمد الخضيرى الصديق | B99: 2000-04-10 | C99: 20004101206513 | D99: A40088109 | E99: مطار برج العرب | F99: بنغازى | G99: اير ليبيا 7Q 148 | H99: 2026-07-18 | I99: 0.83333333 | J99: خالد نجيب | L99: بالغ | M99: خدمه ثلاثيه | S99: 43425
A100: محمد سيد بحر محمد | B100: 1991-03-26 | C100: 29103262401831 | D100: A29370447 | E100: مطار برج العرب | F100: بنغازى | G100: اير ليبيا 7Q 148 | H100: 2026-07-18 | I100: 0.83333333 | J100: خالد نجيب | L100: بالغ | M100: خدمه ثلاثيه | S100: 43425
... A125: محمد ابراهيم سامی ابراهيم | B125: 1992-08-02 | C125: 29208022403833 | D125: A44642219 | E125: مطار برج العرب | F125: بنغازى | G125: اير ليبيا 7Q 148 | H125: 2026-07-18 | I125: 0.70833333 | J125: خالد نجيب | L125: بالغ | M125: خدمه ثلاثيه | S125: 43425
A126: تقديم 19 يوليو
A127: مصطفى محروس مصطفى شما | B127: 2010-10-24 | C127: 31010242402271 | D127: A45419544 | E127: مطار القاهره | F127: طرابلس | G127: اير كايرو SM 231 | H127: 2026-07-21 | I127: 0.41666667 | J127: خالد نجيب | L127: بالغ | M127: خدمه ثنائيه (م+ت) | S127: 26200
A128: محروس مصطفى شحاته عايد | B128: 1976-02-18 | C128: 27602182402496 | D128: A33780753 | E128: مطار القاهره | F128: طرابلس | G128: اير كايرو SM 231 | H128: 2026-07-21 | I128: 0.41666667 | J128: خالد نجيب | L128: بالغ | M128: خدمه ثنائيه (م+ت) | S128: 26200
A129: تسليم في الشركه بتاريخ 23 يوليو | T129: 2248000
A130: تقديم 28 يوليو
A131: محارب رجب محمد على | B131: 2001-07-22 | C131: 30107222400515 | D131: A40019564 | E131: مطار برج العرب | F131: بنغازى | G131: البراق UZ 131 | H131: 2026-07-29 | I131: 0.41666667 | J131: خالد نجيب | L131: بالغ | M131: خدمه ثلاثيه | S131: 43425
A132: محمد خالد كامل احمد على | B132: 2006-04-08 | C132: 30604082404136 | D132: A45419543 | E132: مطار برج العرب | F132: بنغازى | G132: البراق UZ 131 | H132: 2026-07-29 | I132: 0.41666667 | J132: خالد نجيب | L132: بالغ | M132: خدمه ثلاثيه | S132: 43425
A133: عبد العظيم رجب محمد محمد بركات | B133: 2007-06-21 | C133: 30706212402294 | D133: A43939077 | E133: مطار برج العرب | F133: بنغازى | G133: البراق UZ 131 | H133: 2026-07-29 | I133: 0.41666667 | J133: خالد نجيب | L133: بالغ | M133: خدمه ثلاثيه | S133: 43425
A134: حسين رجب حسن محمد | B134: 1996-05-09 | C134: 29605092401772 | D134: A38096566 | E134: مطار برج العرب | F134: بنغازى | G134: البراق UZ 131 | H134: 2026-07-29 | I134: 0.41666667 | J134: خالد نجيب | L134: بالغ | M134: خدمه ثلاثيه | S134: 43425
A135: محمود راغب حسين عبد اللطيف | B135: 1990-05-29 | C135: 29005292401931 | D135: A45226113 | E135: مطار برج العرب | F135: بنغازى | G135: البراق UZ 131 | H135: 2026-07-29 | I135: 0.41666667 | J135: خالد نجيب | L135: بالغ | M135: خدمه ثلاثيه | S135: 43425
A136: عمر عصام خيرى سيف مرزوق | B136: 2009-10-27 | C136: 30910272403091 | D136: A45396027 | E136: مطار برج العرب | F136: بنغازى | G136: البراق UZ 131 | H136: 2026-07-29 | I136: 0.41666667 | J136: خالد نجيب | L136: بالغ | M136: خدمه ثلاثيه | S136: 43425
A137: حماده ربيع جمعه سيد عبد الحى | B137: 2008-11-02 | C137: 30811022402377 | D137: A45565602 | E137: مطار برج العرب | F137: بنغازى | G137: البراق UZ 131 | H137: 2026-07-29 | I137: 0.41666667 | J137: خالد نجيب | L137: بالغ | M137: خدمه ثلاثيه | S137: 43425
A138: عمر عيد سيد محمود | B138: 2005-03-24 | C138: 30503242401219 | D138: A44949566 | E138: مطار برج العرب | F138: بنغازى | G138: البراق UZ 131 | H138: 2026-07-29 | I138: 0.41666667 | J138: خالد نجيب | L138: بالغ | M138: خدمه ثلاثيه | S138: 43425
A139: اسلام طه جمعه حسن | B139: 2007-10-03 | C139: 30710032402536 | D139: A34363117 | E139: مطار برج العرب | F139: بنغازى | G139: البراق UZ 131 | H139: 2026-07-29 | I139: 0.41666667 | J139: خالد نجيب | L139: بالغ | M139: خدمه ثلاثيه | S139: 43425
A140: هشام رضا جمعه خضر محمد | B140: 2009-02-08 | C140: 30902082400158 | D140: A37690491 | E140: مطار برج العرب | F140: بنغازى | G140: البراق UZ 131 | H140: 2026-07-29 | I140: 0.41666667 | J140: خالد نجيب | L140: بالغ | M140: خدمه ثلاثيه | S140: 43425
A141: احمد عايد خليفه احمد معتمد | B141: 2012-04-30 | C141: 1163513612042024 | D141: A44962637 | E141: مطار برج العرب | F141: بنغازى | G141: البراق UZ 131 | H141: 2026-07-29 | I141: 0.41666667 | J141: خالد نجيب | L141: بالغ | M141: خدمه ثلاثيه | S141: 43425
A142: محمد حسين كامل عبد الصمد | B142: 2007-10-14 | C142: 30710142405832 | D142: A30202756 | E142: مطار برج العرب | F142: بنغازى | G142: البراق UZ 131 | H142: 2026-07-29 | I142: 0.41666667 | J142: خالد نجيب | L142: بالغ | M142: خدمه ثلاثيه | S142: 43425
... A151: عبد الرحمن وليد جمعه خضر محمد | B151: 2011-04-12 | C151: 31104122400059 | D151: A38095752 | E151: مطار برج العرب | F151: بنغازى | G151: البراق UZ 131 | H151: 2026-07-29 | I151: 0.41666667 | J151: خالد نجيب | L151: بالغ | M151: خدمه ثلاثيه | S151: 43425
A152: تقديم 1 اغسطس
A153: عطا مصطفى شحاته عايد | B153: 1979-06-26 | C153: 27906262402038 | D153: A44638492 | E153: مطار القاهره | F153: طرابلس | G153: اير كايرو SM 231 | H153: 2026-08-04 | I153: 0.52430556 | J153: خالد نجيب | L153: بالغ | M153: خدمه ثنائيه (م+ت) | S153: 26200
A154: محمد عطا مصطفى شحاته عايد | B154: 2012-07-27 | C154: 31207272403637 | D154: A45395532 | E154: مطار القاهره | F154: طرابلس | G154: اير كايرو SM 231 | H154: 2026-08-04 | I154: 0.52430556 | J154: خالد نجيب | L154: بالغ | M154: خدمه ثنائيه (م+ت) | S154: 26200
A155: تسليم في الشركه بتاريخ 4 اغسطس | T155: 1330000
...

Sheet مزار مصر
A1: الاسم | B1: تاريخ الميلاد | C1: الرقم القومي | D1: رقم الجواز | E1: المنفذ | F1: جهة السفر | G1: شركة الطيران | H1: تاريخ المغادرة | I1: ميعاد المغادرة | J1: الوكيل | K1: مورد الاستثمار | L1: ملاحظات | M1: نوع الخدمه | N1: ملاحظات | O1: ملاحظات | P1: ملاحظات | Q1: مدين دولار | R1: دائن دولار | S1: مدين مصري | T1: دائن مصري
A2: ما قبله | Q2: 1055 | R2: 0 | S2: 138907 | T2: 0
A3: سفر 22 يونيو طيران وبري
A4: رمضان عشرى مرزوق عبد الحليم | B4: 1988-04-24 | C4: 28804242300812 | D4: A45300194 | E4: منفذ السلوم | F4: بنغازى | G4: اتوبيس | H4: 2026-06-22 | I4: 0.41666667 | J4: مزار مصر | L4: بالغ | M4: خدمه ثنائيه (م+ا) | S4: 38750
A5: عبد الله صبرى عبد الله حامد | B5: 1993-01-01 | C5: 29301011228835 | D5: A33674255 | E5: منفذ السلوم | F5: بنغازى | G5: اتوبيس | H5: 2026-06-22 | I5: 0.41666667 | J5: مزار مصر | L5: بالغ | M5: خدمه ثنائيه (م+ا) | S5: 20750
A6: رضا صبحي عبدالفتاح عرفه | B6: 1992-11-05 | C6: 29205111801533 | D6: A31477820 | E6: منفذ السلوم | F6: بنغازى | G6: اتوبيس | H6: 2026-06-22 | I6: 0.41666667 | J6: مزار مصر | L6: بالغ | M6: خدمه ثنائيه (م+ا) | S6: 38750
A7: محسن عبد الخالق مهدى سعداوى | B7: 1988-01-13 | C7: 28801132300877 | D7: A30918355 | E7: منفذ السلوم | F7: بنغازى | G7: اتوبيس | H7: 2026-06-22 | I7: 0.41666667 | J7: مزار مصر | L7: بالغ | M7: خدمه ثنائيه (م+ا) | S7: 20750
A8: ابراهيم حسين مصطفى احمد | B8: 2004-06-01 | C8: 30406012308354 | D8: A31552888 | E8: مطار برج العرب | F8: بنغازى | G8: اير ليبيا | H8: 2026-06-22 | I8: 0.83333333 | J8: مزار مصر | L8: بالغ | M8: خدمه ثلاثيه | S8: 43225
A9: تسليم ليد احمد 24 يونيو | T9: 20000
A10: سفر يوم 23 يونيو
A11: شحاته سرور شحاته سرور | B11: 1949-06-13 | C11: 24906130201431 | D11: A45123309 | E11: مطار القاهره | F11: بنغازى | G11: مصر للطيران | H11: 2026-06-23 | I11: 0.32291667 | J11: مزار مصر | L11: بالغ | M11: خدمه احاديه (م فقط) | S11: 18000
A12: عمر حسن محمد حسن | B12: 2001-01-02 | C12: 30102012201399 | D12: A41130089 | E12: مطار القاهره | F12: بنغازى | G12: مصر للطيران | H12: 2026-06-23 | I12: 0.32291667 | J12: مزار مصر | L12: بالغ | M12: خدمه احاديه (م فقط) | S12: 18000
A13: عامر عاطف حلوى عبد الحميد عصمان | B13: 2010-01-01 | C13: 31001012513016 | D13: A41369475 | E13: مطار القاهره | F13: طرابلس | G13: اير كايرو | H13: 2026-06-23 | I13: 0.375 | J13: مزار مصر | L13: بالغ | M13: خدمه احاديه (م فقط) | S13: 18000
A14: هانى محمد سعد على يوسف | B14: 1979-08-16 | C14: 27908161401432 | D14: A45057105 | E14: مطار القاهره | F14: طرابلس | G14: اير كايرو | H14: 2026-06-23 | I14: 0.375 | J14: مزار مصر | L14: بالغ | M14: خدمه احاديه (م فقط) | S14: 18000
A15: مختار فتحى صالح ادريس | B15: 1980-12-11 | C15: 28012112300531 | D15: A34064594 | E15: مطار القاهره | F15: طرابلس | G15: اير كايرو | H15: 2026-06-23 | I15: 0.375 | J15: مزار مصر | L15: بالغ | M15: خدمه احاديه (م فقط) | S15: 18000
A16: عاطف حلوى عبد الحميد عصمان | B16: 1977-11-03 | C16: 27711032501431 | D16: A27821142 | E16: مطار القاهره | F16: طرابلس | G16: اير كايرو | H16: 2026-06-23 | I16: 0.375 | J16: مزار مصر | L16: بالغ | M16: خدمه احاديه (م فقط) | S16: 18000
A17: ابراهيم نصر عبد ربه السطوحى | B17: 1976-01-09 | C17: 27601091501371 | D17: A44789322 | E17: مطار القاهره | F17: طرابلس | G17: اير كايرو | H17: 2026-06-23 | I17: 0.375 | J17: مزار مصر | L17: بالغ | M17: خدمه احاديه (م فقط) | S17: 18000
A18: احمد يونس احمد عبد الرحمن حمودى | B18: 2010-05-21 | C18: 31005212502073 | D18: A44423132 | E18: مطار القاهره | F18: طرابلس | G18: اير كايرو | H18: 2026-06-23 | I18: 0.375 | J18: مزار مصر | L18: بالغ | M18: خدمه احاديه (م فقط) | S18: 18000
A19: يونس احمد عبد الرحمن حمودى | B19: 1979-03-28 | C19: 27903282501475 | D19: A44663080 | E19: مطار القاهره | F19: طرابلس | G19: اير كايرو | H19: 2026-06-23 | I19: 0.375 | J19: مزار مصر | L19: بالغ | M19: خدمه احاديه (م فقط) | S19: 18000
A20: عصام ابو حامد يوسف محمد | B20: 1973-03-22 | C20: 27303111300952 | D20: A44647071 | E20: مطار القاهره | F20: طرابلس | G20: اير كايرو | H20: 2026-06-23 | I20: 0.375 | J20: مزار مصر | L20: بالغ | M20: خدمه احاديه (م فقط) | S20: 18000
A21: مصطفى يحي مصطفى عبد الكريم | B21: 1978-05-20 | C21: 27805202300855 | D21: A44957980 | E21: مطار القاهره | F21: طرابلس | G21: اير كايرو | H21: 2026-06-23 | I21: 0.375 | J21: مزار مصر | L21: بالغ | M21: خدمه احاديه (م فقط) | S21: 18000
A22: احمد صالح جاد الله نزلاوى | B22: 1964-11-09 | C22: 26411092301379 | D22: A44398210 | E22: مطار القاهره | F22: طرابلس | G22: اير كايرو | H22: 2026-06-23 | I22: 0.375 | J22: مزار مصر | L22: بالغ | M22: خدمه احاديه (م فقط) | S22: 18000
A23: سفر يوم 24 يونيو
A24: حسين على يونس عبدالقوي | B24: 1984-07-12 | C24: 28407122301115 | D24: A28304825 | E24: منفذ السلوم | F24: بنغازى | G24: اتوبيس | H24: 2026-06-24 | I24: 0.41666667 | J24: مزار مصر | L24: بالغ | M24: خدمه ثنائيه (م+ا) | S24: 38750
A25: ابو طالب محمد ابو طالب مغازي | B25: 1988-06-05 | C25: 28806052301238 | D25: A30222067 | E25: منفذ السلوم | F25: بنغازى | G25: اتوبيس | H25: 2026-06-24 | I25: 0.41666667 | J25: مزار مصر | L25: بالغ | M25: خدمه ثنائيه (م+ا) | S25: 38750
A26: احمد حميده على سليمان | B26: 1985-05-05 | C26: 2850502301432 | D26: A44961042 | E26: منفذ السلوم | F26: بنغازى | G26: اتوبيس | H26: 2026-06-24 | I26: 0.41666667 | J26: مزار مصر | L26: بالغ | M26: خدمه ثنائيه (م+ا) | S26: 38750
A27: احمد على يونس عبدالقوي | B27: 1999-04-11 | C27: 29904112301033 | D27: A34734660 | E27: منفذ السلوم | F27: بنغازى | G27: اتوبيس | H27: 2026-06-24 | I27: 0.41666667 | J27: مزار مصر | L27: بالغ | M27: خدمه ثنائيه (م+ا) | S27: 38750
A28: مساعد احمد مساعد احمد | B28: 1996-06-20 | C28: 2960620230531 | D28: A35639756 | E28: منفذ السلوم | F28: بنغازى | G28: اتوبيس | H28: 2026-06-24 | I28: 0.41666667 | J28: مزار مصر | L28: بالغ | M28: خدمه ثنائيه (م+ا) | S28: 38750
A29: محمد عبدالسلام جوده صابر | B29: 1987-12-07 | C29: 28712072300934 | D29: A30545375 | E29: منفذ السلوم | F29: بنغازى | G29: اتوبيس | H29: 2026-06-24 | I29: 0.41666667 | J29: مزار مصر | L29: بالغ | M29: خدمه ثنائيه (م+ا) | S29: 38750
A30: احمد ناصر محمود عبداللطيف | B30: 2003-09-27 | C30: 30309272302575 | D30: A34955981 | E30: منفذ السلوم | F30: بنغازى | G30: اتوبيس | H30: 2026-06-24 | I30: 0.41666667 | J30: مزار مصر | L30: بالغ | M30: خدمه ثنائيه (م+ا) | S30: 38750
A31: احمد عيد عبد الحليم رسلان | B31: 1994-03-21 | C31: 29403212302011 | D31: A30531313 | E31: مطار القاهره | F31: بنغازى | G31: الافريقيه | H31: 2026-06-24 | I31: 0.49652778 | J31: مزار مصر | L31: بالغ | M31: خدمه ثلاثيه | S31: 18000
A32: محمود احمد عاشور محمود | B32: 2003-07-10 | C32: 30307102701316 | D32: A44603555 | E32: مطار القاهره | F32: بنغازى | G32: الافريقيه | H32: 2026-06-24 | I32: 0.49652778 | J32: مزار مصر | L32: بالغ | M32: خدمه ثلاثيه | S32: 43725
A33: عبد الله عوض محمود عوض | B33: 1992-06-03 | C33: 29206032701252 | D33: A34663262 | E33: مطار القاهره | F33: بنغازى | G33: الافريقيه | H33: 2026-06-24 | I33: 0.49652778 | J33: مزار مصر | L33: بالغ | M33: خدمه ثلاثيه | S33: 43725
A34: أحمد محمد أحمد عبد المجيد | B34: 1988-05-11 | C34: 28805112800232 | D34: A44026220 | E34: مطار القاهره | F34: طرابلس | G34: البراق | H34: 2026-06-24 | I34: 0.52083333 | J34: مزار مصر | L34: بالغ | M34: خدمه احاديه (م فقط) | S34: 18000
A35: احمد عبد الله كامل عبد الله | B35: 1993-06-01 | C35: 29306011205611 | D35: A44046283 | E35: مطار القاهره | F35: طرابلس | G35: البراق | H35: 2026-06-24 | I35: 0.52083333 | J35: مزار مصر | L35: بالغ | M35: خدمه احاديه (م فقط) | S35: 18000
A36: تسليم ليد احمد بتاريخ 27 يونيو | T36: 1114000
A37: سفر يوم 25 يونيو
A38: هبه محمد عبده سالم حبيبه | B38: 1990-09-09 | C38: 29009091804588 | D38: A33175357 | E38: مطار القاهره | F38: طرابلس | G38: مصر للطيران | H38: 2026-06-25 | I38: 0.20833333 | J38: مزار مصر | L38: انثى | M38: خدمه احاديه (م فقط) | N38: 18000 | S38: 18000
A39: محمد فاروق شحاته حسين عسل | B39: 1984-07-10 | C39: 28407101806853 | D39: A35439522 | E39: مطار القاهره | F39: طرابلس | G39: مصر للطيران | H39: 2026-06-25 | I39: 0.20833333 | J39: مزار مصر | L39: بالغ | M39: خدمه احاديه (م فقط) | N39: 18000 | S39: 18000
A40: محمد اشرف محمد ابراهيم | B40: 1994-02-16 | C40: 29402168801173 | D40: A35862421 | E40: مطار القاهره | F40: طرابلس | G40: مصر للطيران | H40: 2026-06-25 | I40: 0.20833333 | J40: مزار مصر | L40: بالغ | M40: خدمه احاديه (م فقط) | N40: 18000 | S40: 18000
A41: عبد الكريم عثمان عبد الكريم عثمان | B41: 1993-04-17 | C41: 29304172401773 | D41: A44652717 | E41: مطار القاهره | F41: بنغازى | G41: مصر للطيران | H41: 2026-06-25 | I41: 0.25 | J41: مزار مصر | L41: بالغ | M41: خدمه احاديه (م فقط) | N41: 18000 | S41: 18000
A42: رضا محروس عزت طلبه محمد سليمان | B42: 2005-02-01 | C42: 30502011502016 | D42: A45127260 | E42: مطار برج العرب | F42: بنغازى | G42: تاج | H42: 2026-06-25 | I42: 0.33333333 | J42: مزار مصر | L42: بالغ | M42: خدمه ثلاثيه | N42: 43225 | S42: 43225
A43: انور حسام السيد انور على عبد الواحد | B43: 2010-11-20 | C43: 31011201505631 | D43: A44930806 | E43: مطار برج العرب | F43: بنغازى | G43: تاج | H43: 2026-06-25 | I43: 0.33333333 | J43: مزار مصر | L43: بالغ | M43: خدمه ثلاثيه | N43: 43225 | S43: 43225
A44: احمد ربيع احمد اسماعيل زيدان | B44: 2003-11-01 | C44: 30311011505155 | D44: A34770848 | E44: مطار برج العرب | F44: بنغازى | G44: تاج | H44: 2026-06-25 | I44: 0.33333333 | J44: مزار مصر | L44: بالغ | M44: خدمه ثلاثيه | N44: 43225 | S44: 43225
A45: محمود خالد علي محمد السيد | B45: 2000-10-01 | C45: 30010011522626 | D45: A45383972 | E45: مطار برج العرب | F45: بنغازى | G45: تاج | H45: 2026-06-25 | I45: 0.33333333 | J45: مزار مصر | L45: بالغ | M45: خدمه ثلاثيه | N45: 43225 | S45: 43225
A46: علاء عوض حفنى محمد | B46: 1998-12-10 | C46: 29812102302633 | D46: A34067467 | E46: منفذ السلوم | F46: بنغازى | G46: اتوبيس | H46: 2026-06-25 | I46: 0.95833333 | J46: مزار مصر | L46: بالغ | M46: خدمه ثنائيه (م+ا) | N46: 38750 | S46: 38750
A47: حماد عبد الرحمن محمد عبد الرحمن حواس | B47: 1993-03-02 | C47: 29303021500196 | D47: A44930052 | E47: منفذ السلوم | F47: بنغازى | G47: اتوبيس | H47: 2026-06-25 | I47: 0.95833333 | J47: مزار مصر | L47: بالغ | M47: خدمه ثنائيه (م+ا) | N47: 38750 | S47: 38750
A48: محمد سعيد خضر ابو اليزيد ابو السعود | B48: 2005-07-28 | C48: 3050728151137 | D48: A44932315 | E48: منفذ السلوم | F48: بنغازى | G48: اتوبيس | H48: 2026-06-25 | I48: 0.95833333 | J48: مزار مصر | L48: بالغ | M48: خدمه ثنائيه (م+ا) | N48: 38750 | S48: 38750
A49: اسلام احمد رمضان عبد التواب | B49: 2007-10-20 | C49: 30710202304119 | D49: A45437768 | E49: منفذ السلوم | F49: بنغازى | G49: اتوبيس | H49: 2026-06-25 | I49: 0.95833333 | J49: مزار مصر | L49: بالغ | M49: خدمه ثنائيه (م+ا) | N49: 38750 | S49: 38750
... A53: حجاج عبد القادر اسماعيل ايوب | B53: 1984-10-15 | C53: 28410152301374 | D53: A31393271 | E53: منفذ السلوم | F53: بنغازى | G53: اتوبيس | H53: 2026-06-25 | I53: 0.95833333 | J53: مزار مصر | L53: بالغ | M53: خدمه ثنائيه (م+ا) | N53: 38750 | S53: 38750
A54: ايداع بنكي بتاريخ 28 يونيو | T54: 70000
A55: تسليم ليد محمد رفعت بتاريخ 29 يونيو | R55: 250
A56: تسليم ليد محمد رفعت بتاريخ 29 يونيو | T56: 1258650
A57: سفر يوم 26 يونيو
A58: ابادير جيد راغب اسکندر | B58: 2000-12-01 | C58: 30012012503892 | D58: A33299792 | E58: مطار برج العرب | F58: بنغازى | G58: تاج | H58: 2026-06-26 | I58: 0.33333333 | J58: مزار مصر | L58: بالغ | M58: خدمه ثلاثيه | S58: 43225
A59: احمد حسن فرج حسن ابو العلا | B59: 1984-04-07 | C59: 28404071201251 | D59: A33521164 | E59: مطار القاهره | F59: طرابلس | G59: اير كايرو | H59: 2026-06-26 | I59: 0.375 | J59: مزار مصر | L59: بالغ | M59: خدمه احاديه (م فقط) | S59: 18000
A60: احمد شعبان عبد الحميد بدير العطار | B60: 1993-04-01 | C60: 29304011500518 | D60: A43924865 | E60: مطار برج العرب | F60: بنغازى | G60: تاج | H60: 2026-06-26 | I60: 0.33333333 | J60: مزار مصر | L60: بالغ | M60: خدمه ثلاثيه | S60: 43225
A61: احمد علاء خليفه زكي | B61: 1999-07-25 | C61: 29907252501376 | D61: A44419008 | E61: مطار برج العرب | F61: بنغازى | G61: تاج | H61: 2026-06-26 | I61: 0.33333333 | J61: مزار مصر | L61: بالغ | M61: خدمه ثلاثيه | S61: 43225
A62: احمد عيد امين عثمان | B62: 1996-01-01 | C62: 29601012424739 | D62: A32354680 | E62: مطار برج العرب | F62: بنغازى | G62: تاج | H62: 2026-06-26 | I62: 0.33333333 | J62: مزار مصر | L62: بالغ | M62: خدمه ثلاثيه | S62: 43225
A63: ايمن السعيد على على متولى | B63: 1986-06-28 | C63: 28606281501675 | D63: A29953094 | E63: مطار برج العرب | F63: بنغازى | G63: الافريقيه | H63: 2026-06-26 | I63: 0.53125 | J63: مزار مصر | L63: بالغ | M63: خدمه ثلاثيه | S63: 43225
A64: ايمن صابر محمد عبد الرحمن | B64: 1994-02-01 | C64: 29402012614578 | D64: A43085797 | E64: مطار برج العرب | F64: بنغازى | G64: تاج | H64: 2026-06-26 | I64: 0.33333333 | J64: مزار مصر | L64: بالغ | M64: خدمه ثلاثيه | S64: 43225
A65: أحمد محمود الكاشف | B65: 1959-03-21 | C65: 25903211200051 | D65: A44546144 | E65: مطار القاهره | F65: طرابلس | G65: اير كايرو | H65: 2026-06-26 | I65: 0.375 | J65: مزار مصر | L65: بالغ | M65: خدمه احاديه (م فقط) | S65: 18000
A66: باسم محسوب عبد العزيز العجمى | B66: 1984-06-23 | C66: 28406231201434 | D66: A33523156 | E66: مطار القاهره | F66: طرابلس | G66: اير كايرو | H66: 2026-06-26 | I66: 0.375 | J66: مزار مصر | L66: بالغ | M66: خدمه احاديه (م فقط) | S66: 18000
A67: بخيت علي محمد عبد اللاه | B67: 1979-11-21 | C67: 27911212601858 | D67: A44617723 | E67: مطار القاهره | F67: طرابلس | G67: اير كايرو | H67: 2026-06-26 | I67: 0.375 | J67: مزار مصر | L67: بالغ | M67: خدمه احاديه (م فقط) | S67: 18000
A68: جمال محمد عبد الله محمد عبدالله | B68: 2002-01-01 | C68: 30201011544495 | D68: A44789101 | E68: مطار برج العرب | F68: بنغازى | G68: تاج | H68: 2026-06-26 | I68: 0.33333333 | J68: مزار مصر | L68: بالغ | M68: خدمه ثلاثيه | S68: 43225
A69: حسام عبده البدرى عبد المولى | B69: 1981-11-09 | C69: 28111092501436 | D69: A30704206 | E69: مطار برج العرب | F69: بنغازى | G69: تاج | H69: 2026-06-26 | I69: 0.33333333 | J69: مزار مصر | L69: بالغ | M69: خدمه ثلاثيه | S69: 43225
... A102: يسى ملاك يسى واصف | B102: 2007-01-24 | C102: 30701242500558 | D102: A44404701 | E102: مطار برج العرب | F102: بنغازى | G102: تاج | H102: 2026-06-26 | I102: 0.33333333 | J102: مزار مصر | L102: بالغ | M102: خدمه ثلاثيه | S102: 43225
A103: سفر يوم 27 يونيو
A104: احمد محمد احمد البكاتوشي | B104: 2017-05-04 | C104: 31705041800315 | D104: A42160537 | E104: مطار برج العرب | F104: بنغازى | G104: البرنيق | H104: 2026-06-27 | I104: 0.25 | J104: مزار مصر | L104: طفل | M104: خدمه احاديه (م فقط) | S104: 22000
A105: فارس محمد احمد محمد البكا توشى | B105: 2022-04-22 | C105: 32204221800415 | D105: A42160536 | E105: مطار برج العرب | F105: بنغازى | G105: البرنيق | H105: 2026-06-27 | I105: 0.25 | J105: مزار مصر | L105: طفل | M105: خدمه احاديه (م فقط) | S105: 22000
A106: بسمه حامد عبد السلام صالح شرشر | B106: 1992-05-09 | C106: 29205091801841 | D106: A42160477 | E106: مطار برج العرب | F106: بنغازى | G106: البرنيق | H106: 2026-06-27 | I106: 0.25 | J106: مزار مصر | L106: انثى | M106: خدمه احاديه (م فقط) | S106: 22000
A107: اشرف حسنى سليمان فرج | B107: 1985-02-06 | C107: 28502062501651 | D107: A29013961 | E107: مطار القاهره | F107: طرابلس | G107: تاج | H107: 2026-06-27 | I107: 0.83333333 | J107: مزار مصر | L107: بالغ | M107: خدمه احاديه (م فقط) | S107: 22000
A108: محمد محمد عبد الغني خليفه | B108: 1993-03-15 | C108: 29303152201135 | D108: A30533203 | E108: مطار القاهره | F108: طرابلس | G108: تاج | H108: 2026-06-27 | I108: 0.83333333 | J108: مزار مصر | L108: بالغ | M108: خدمه احاديه (م فقط) | S108: 22000
A109: ايداع بنكي بتاريخ 29 يونيو | T109: 60000
A110: ايداع بنكي بتاريخ 29 يونيو | T110: 20000
A111: ايداع بنكي بتاريخ 28 يونيو | T111: 500000
A112: تسليم ليد احمد بتاريخ 2 يوليو | T112: 500000
A113: ايداع بنكي بتاريخ 28 يونيو
A114: سفر يوم 28 يونيو
A115: علي عيد علي بكري محمد | B115: 2010-11-22 | C115: 31011222302471 | D115: A42472573 | E115: مطار برج العرب | F115: مصراته | G115: البرنيق | H115: 2026-06-28 | I115: 0.41666667 | J115: مزار مصر | L115: بالغ | M115: خدمه احاديه (م فقط) | S115: 22000
A116: هانى على صابر احمد | B116: 1986-06-02 | C116: 28606022300831 | D116: A37552265 | E116: مطار القاهره | F116: طرابلس | G116: اويا | H116: 2026-06-28 | I116: 0.41666667 | J116: مزار مصر | L116: بالغ | M116: خدمه احاديه (م فقط) | S116: 22000
A117: احمد محمد فؤاد الموافى | B117: 2005-12-12 | C117: 30512121601112 | D117: A42888775 | E117: مطار القاهره | F117: بنغازى | G117: الليبيه | H117: 2026-06-28 | I117: 0.53125 | J117: مزار مصر | L117: بالغ | M117: خدمه ثلاثيه | S117: 43725
A118: احمد ايمن عثمان احمد عبد الفتاح | B118: 2003-09-01 | C118: 30309011222051 | D118: A33801335 | E118: مطار القاهره | F118: بنغازى | G118: الليبيه | H118: 2026-06-28 | I118: 0.53125 | J118: مزار مصر | L118: بالغ | M118: خدمه ثلاثيه | S118: 43725
A119: فتحى ابراهيم فايد مرتجى | B119: 1986-05-10 | C119: 28605100104657 | D119: A33126577 | E119: مطار القاهره | F119: بنغازى | G119: الليبيه | H119: 2026-06-28 | I119: 0.53125 | J119: مزار مصر | L119: بالغ | M119: خدمه ثلاثيه | S119: 43725
A120: طارق عبد الستار ابوبكر السيد | B120: 1972-12-13 | C120: 27212132102219 | D120: A36246819 | E120: مطار القاهره | F120: بنغازى | G120: الليبيه | H120: 2026-06-28 | I120: 0.53125 | J120: مزار مصر | L120: بالغ | M120: خدمه ثلاثيه | S120: 43725
A121: حمدى محمد ابراهيم يوسف | B121: 1987-11-01 | C121: 28711011501337 | D121: A27522895 | E121: مطار القاهره | F121: بنغازى | G121: الليبيه | H121: 2026-06-28 | I121: 0.53125 | J121: مزار مصر | L121: بالغ | M121: خدمه ثلاثيه | S121: 43725
A122: محمد سامى حسن ابراهيم | B122: 1985-03-13 | C122: 28503131500251 | D122: A34992419 | E122: مطار القاهره | F122: بنغازى | G122: الليبيه | H122: 2026-06-28 | I122: 0.53125 | J122: مزار مصر | L122: بالغ | M122: خدمه ثلاثيه | S122: 43725
A123: فواد انيس حسن محمد قنديل | B123: 1987-05-30 | C123: 28705301500172 | D123: A29276636 | E123: مطار القاهره | F123: بنغازى | G123: الليبيه | H123: 2026-06-28 | I123: 0.53125 | J123: مزار مصر | L123: بالغ | M123: خدمه ثلاثيه | S123: 43725
A124: عمرو على على السروجي | B124: 1985-02-02 | C124: 28502021501914 | D124: A38620639 | E124: مطار القاهره | F124: بنغازى | G124: الليبيه | H124: 2026-06-28 | I124: 0.53125 | J124: مزار مصر | L124: بالغ | M124: خدمه ثلاثيه | S124: 43725
A125: تامر احمد سيد ريان | B125: 1983-01-07 | C125: 28301072102873 | D125: A33622766 | E125: مطار القاهره | F125: بنغازى | G125: الليبيه | H125: 2026-06-28 | I125: 0.53125 | J125: مزار مصر | L125: بالغ | M125: خدمه ثلاثيه | S125: 43725
A126: محمد جمال محمد على سلامة | B126: 1989-01-01 | C126: 28901011503619 | D126: A45277601 | E126: مطار القاهره | F126: بنغازى | G126: الليبيه | H126: 2026-06-28 | I126: 0.53125 | J126: مزار مصر | L126: بالغ | M126: خدمه ثلاثيه | S126: 43725
A127: عبد العزيز عبد الكريم عبد العزيز عبد الكريم | B127: 1988-06-10 | C127: 28806100101891 | D127: A33821914 | E127: مطار القاهره | F127: طرابلس | G127: تاج | H127: 2026-06-28 | I127: 0.625 | J127: مزار مصر | L127: بالغ | M127: خدمه احاديه (م فقط) | S127: 22000
A128: سفر 29 يونيو
A129: عبد المحسن على حسن شوشه | B129: 1977-03-12 | C129: 27703121600679 | D129: A37451635 | E129: مطار القاهره | F129: طرابلس | G129: اير كايرو | H129: 2026-06-29 | I129: 0.375 | J129: مزار مصر | L129: بالغ | M129: خدمه احاديه (م فقط) | S129: 22000
A130: حسن سيد محمد و همان | B130: 1979-11-19 | C130: 27911192503374 | D130: A39795587 | E130: مطار القاهره | F130: طرابلس | G130: اير كايرو | H130: 2026-06-29 | I130: 0.375 | J130: مزار مصر | L130: بالغ | M130: خدمه احاديه (م فقط) | S130: 22000
A131: عبد الرحمن عقل ابراهيم على | B131: 1977-07-04 | C131: 27707042501652 | D131: A44138217 | E131: مطار القاهره | F131: طرابلس | G131: اير كايرو | H131: 2026-06-29 | I131: 0.375 | J131: مزار مصر | L131: بالغ | M131: خدمه احاديه (م فقط) | S131: 22000
A132: محمد عبده الزهرى حسين | B132: 1979-09-30 | C132: 27909302502099 | D132: A39283657 | E132: مطار القاهره | F132: طرابلس | G132: الافريقيه | H132: 2026-06-29 | I132: 0.41666667 | J132: مزار مصر | L132: بالغ | M132: خدمه ثنائيه (م+ت) | S132: 26000
A133: فاروق عادل فهمی متولي | B133: 1991-03-11 | C133: 29103111401457 | D133: A35009964 | E133: مطار القاهره | F133: طرابلس | G133: الافريقيه | H133: 2026-06-29 | I133: 0.41666667 | J133: مزار مصر | L133: بالغ | M133: خدمه احاديه (م فقط) | S133: 22000
A134: سلام جمال محمد سليم | B134: 1989-06-23 | C134: 28906231400995 | D134: A38333391 | E134: مطار القاهره | F134: طرابلس | G134: تاج | H134: 2026-06-29 | I134: 0.41666667 | J134: مزار مصر | L134: بالغ | M134: خدمه احاديه (م فقط) | S134: 22000
A135: عبد الصادق عبيد محمد عبد العزيز | B135: 1994-06-26 | C135: 29406261801251 | D135: A37864094 | E135: مطار برج العرب | F135: طرابلس | G135: الليبيه | H135: 2026-06-29 | I135: 0.66666667 | J135: مزار مصر | L135: بالغ | M135: خدمه ثنائيه (م+ت) | S135: 25000
...

Sheet السويسي
A1: الاسم | B1: تاريخ الميلاد | C1: الرقم القومي | D1: رقم الجواز | E1: المنفذ | F1: جهة السفر | G1: شركة الطيران | H1: تاريخ المغادرة | I1: ميعاد المغادرة | J1: الوكيل | K1: مورد الاستثمار | L1: ملاحظات | M1: نوع الخدمه | N1: ملاحظات | O1: ملاحظات | P1: ملاحظات | Q1: مدين دولار | R1: دائن دولار | S1: مدين مصري | T1: دائن مصري
A2: ما قبله | Q2: -25 | R2: 0 | S2: 2036490 | T2: 0
A3: سفر 22 يونيو طيران وبري
A4: عامر شعبان عوض على حسن | B4: 2019-05-27 | C4: 31905272600717 | D4: A44992335 | E4: مطار القاهره | F4: طرابلس | G4: الافريقيه | H4: 2026-06-22 | I4: 0.41666667 | J4: اشرف السويسي | L4: طفل | M4: خدمه ثنائيه (م+ت) | S4: 25000
A5: رجب مقبول عبد الرحيم محمد | B5: 1977-10-28 | C5: 27710282700157 | D5: A40329854 | E5: مطار القاهره | F5: طرابلس | G5: الافريقيه | H5: 2026-06-22 | I5: 0.41666667 | J5: اشرف السويسي | L5: بالغ | M5: خدمه ثنائيه (م+ت) | S5: 26000
A6: انعام محمد عيد حسن | B6: 2001-07-02 | C6: 30102072600888 | D6: A44992358 | E6: مطار القاهره | F6: طرابلس | G6: الافريقيه | H6: 2026-06-22 | I6: 0.41666667 | J6: اشرف السويسي | L6: انثى | M6: خدمه ثنائيه (م+ت) | S6: 26000
A7: جمعه احمد محمد على | B7: 1969-08-30 | C7: 26908302300577 | D7: A30522749 | E7: مطار القاهره | F7: طرابلس | G7: الافريقيه | H7: 2026-06-22 | I7: 0.41666667 | J7: اشرف السويسي | L7: بالغ | M7: خدمه ثنائيه (م+ت) | S7: 26000
A8: ندي شعبان عوض على حسن | B8: 2024-03-27 | C8: 32403272600707 | D8: A44992302 | E8: مطار القاهره | F8: طرابلس | G8: الافريقيه | H8: 2026-06-22 | I8: 0.41666667 | J8: اشرف السويسي | L8: طفل | M8: خدمه ثنائيه (م+ت) | S8: 25000
A9: كريمه شعبان عوض على حسن | B9: 2022-09-15 | C9: 32209152600621 | D9: A44992303 | E9: مطار القاهره | F9: طرابلس | G9: الافريقيه | H9: 2026-06-22 | I9: 0.41666667 | J9: اشرف السويسي | L9: طفل | M9: خدمه ثنائيه (م+ت) | S9: 25000
A10: حسين محمود عوض محمود | B10: 1980-11-21 | C10: 28011212700352 | D10: A31497062 | E10: مطار القاهره | F10: طرابلس | G10: الافريقيه | H10: 2026-06-22 | I10: 0.41666667 | J10: اشرف السويسي | L10: بالغ | M10: خدمه ثنائيه (م+ت) | S10: 26000
A11: حسام مجدي عبدالسلام السيد | B11: 1988-12-14 | C11: 28812140102318 | D11: A44374101 | E11: منفذ السلوم | F11: بنغازى | G11: اتوبيس | H11: 2026-06-22 | I11: 0.41666667 | J11: اشرف السويسي | L11: بالغ | M11: خدمه ثنائيه (م+ا) | S11: 38750
A12: وليد فاروق محمد ابو العنين | B12: 1982-12-01 | C12: 28201120101111 | D12: A45247442 | E12: منفذ السلوم | F12: بنغازى | G12: اتوبيس | H12: 2026-06-22 | I12: 0.41666667 | J12: اشرف السويسي | L12: بالغ | M12: خدمه ثنائيه (م+ا) | S12: 38750
A13: راضى محمد احمد ابو الفتوح | B13: 1996-03-12 | C13: 29603121500812 | D13: A31987585 | E13: مطار برج العرب | F13: بنغازى | G13: اير ليبيا | H13: 2026-06-22 | I13: 0.83333333 | J13: اشرف السويسي | L13: بالغ | M13: خدمه ثلاثيه | S13: 43225
A14: مازن محمد محمد القزاز | B14: 2005-11-01 | C14: 30511011100073 | D14: A41749034 | E14: مطار برج العرب | F14: بنغازى | G14: اير ليبيا | H14: 2026-06-22 | I14: 0.83333333 | J14: اشرف السويسي | L14: بالغ | M14: خدمه ثلاثيه | S14: 43225
A15: محمد محمد محمد احمد الريس | B15: 1986-11-12 | C15: 28611121200851 | D15: A44526073 | E15: مطار برج العرب | F15: بنغازى | G15: اير ليبيا | H15: 2026-06-22 | I15: 0.83333333 | J15: اشرف السويسي | L15: بالغ | M15: خدمه ثلاثيه | S15: 43225
... A26: خالد صلاح فرج فرج موافي | B26: 2002-01-01 | C26: 30201011106994 | D26: A44820527 | E26: مطار برج العرب | F26: بنغازى | G26: اير ليبيا | H26: 2026-06-22 | I26: 0.83333333 | J26: اشرف السويسي | L26: بالغ | M26: خدمه ثلاثيه | S26: 43225
A27: تسليم ليد احمد بتاريخ 24 يونيو | T27: 730000
A28: ايداع بنكي بتاريخ 25 يونيو | T28: 2000000
A29: سفر يوم 23 يونيو
A30: احمد حسني شعبان محمد | B30: 1998-04-07 | C30: 29807042101257 | D30: A38034718 | E30: مطار القاهره | F30: بنغازى | G30: مصر للطيران | H30: 2026-06-23 | I30: 0.32291667 | J30: اشرف السويسي | L30: بالغ | M30: خدمه احاديه (م فقط) | S30: 18000
A31: محمد عبدالعزيز الشحات السيد فريجه | B31: 1987-01-12 | C31: 28712011807874 | D31: A44937401 | E31: مطار القاهره | F31: بنغازى | G31: مصر للطيران | H31: 2026-06-23 | I31: 0.32291667 | J31: اشرف السويسي | L31: بالغ | M31: خدمه احاديه (م فقط) | S31: 18000
A32: ابراهيم محمد فهمي ابراهيم | B32: 1981-10-19 | C32: 28110191300217 | D32: A39930975 | E32: مطار القاهره | F32: بنغازى | G32: مصر للطيران | H32: 2026-06-23 | I32: 0.32291667 | J32: اشرف السويسي | L32: بالغ | M32: خدمه احاديه (م فقط) | S32: 18000
A33: كمال محمود علي حسن | B33: 1990-03-17 | C33: 29003171601132 | D33: A42546808 | E33: مطار القاهره | F33: بنغازى | G33: مصر للطيران | H33: 2026-06-23 | I33: 0.32291667 | J33: اشرف السويسي | L33: بالغ | M33: خدمه احاديه (م فقط) | S33: 18000
A34: حازم حلمي السيد عبداللطيف زغلول | B34: 1987-09-20 | C34: 28709201205373 | D34: A39014984 | E34: مطار القاهره | F34: بنغازى | G34: مصر للطيران | H34: 2026-06-23 | I34: 0.32291667 | J34: اشرف السويسي | L34: بالغ | M34: خدمه احاديه (م فقط) | S34: 18000
A35: حسام صديق صديق علي | B35: 1990-10-22 | C35: 29010222501576 | D35: A33587484 | E35: مطار القاهره | F35: بنغازى | G35: مصر للطيران | H35: 2026-06-23 | I35: 0.32291667 | J35: اشرف السويسي | L35: بالغ | M35: خدمه احاديه (م فقط) | S35: 18000
A36: خالد كمال الدين عبدالعزيز الحملاوي | B36: 1965-10-19 | C36: 26510190104652 | D36: A37922992 | E36: مطار القاهره | F36: بنغازى | G36: مصر للطيران | H36: 2026-06-23 | I36: 0.32291667 | J36: اشرف السويسي | L36: بالغ | M36: خدمه احاديه (م فقط) | S36: 18000
A37: طايل محمد جمعه مصطفي نمشه | B37: 1980-05-01 | C37: 28001051601396 | D37: A38127822 | E37: مطار القاهره | F37: بنغازى | G37: مصر للطيران | H37: 2026-06-23 | I37: 0.32291667 | J37: اشرف السويسي | L37: بالغ | M37: خدمه احاديه (م فقط) | S37: 18000
A38: سفر يوم 24 يونيو
A39: احمد ماهر حامد ابراهيم | B39: 1991-09-30 | C39: 29109301404612 | D39: A41662847 | E39: مطار القاهره | F39: بنغازى | G39: مصر للطيران | H39: 2026-06-24 | I39: 0.32291667 | J39: اشرف السويسي | L39: بالغ | M39: خدمه احاديه (م فقط) | S39: 18000
A40: عمر عبد الحميد صفوت ابراهيم | B40: 1992-07-08 | C40: 29207082402031 | D40: A04195002 | E40: مطار القاهره | F40: بنغازى | G40: مصر للطيران | H40: 2026-06-24 | I40: 0.32291667 | J40: اشرف السويسي | L40: بالغ | M40: خدمه احاديه (م فقط) | S40: 18000
A41: عبد الله محمد عبد الحميد احمد صيام | B41: 1995-12-16 | C41: 29512161201639 | D41: A34304963 | E41: مطار القاهره | F41: بنغازى | G41: مصر للطيران | H41: 2026-06-24 | I41: 0.32291667 | J41: اشرف السويسي | L41: بالغ | M41: خدمه احاديه (م فقط) | S41: 18000
A42: حسين احمد عبد الصادق حسنين | B42: 1990-03-01 | C42: 29003012601628 | D42: A37394745 | E42: مطار القاهره | F42: بنغازى | G42: مصر للطيران | H42: 2026-06-24 | I42: 0.32291667 | J42: اشرف السويسي | L42: بالغ | M42: خدمه احاديه (م فقط) | S42: 18000
A43: احمد حسنين ابراهيم حسنين موافى | B43: 1997-09-30 | C43: 29709300202717 | D43: A41942170 | E43: مطار القاهره | F43: بنغازى | G43: مصر للطيران | H43: 2026-06-24 | I43: 0.32291667 | J43: اشرف السويسي | L43: بالغ | M43: خدمه احاديه (م فقط) | S43: 18000
A44: عبد الله مصطفى على حسن محمد | B44: 1996-02-10 | C44: 29602100200499 | D44: A42009373 | E44: مطار القاهره | F44: بنغازى | G44: مصر للطيران | H44: 2026-06-24 | I44: 0.32291667 | J44: اشرف السويسي | L44: بالغ | M44: خدمه احاديه (م فقط) | S44: 18000
A45: السيد سعد فرج الحسانين عثمان | B45: 2001-01-01 | C45: 30101011247054 | D45: A39269425 | E45: منفذ السلوم | F45: بنغازى | G45: اتوبيس | H45: 2026-06-24 | I45: 0.41666667 | J45: اشرف السويسي | L45: بالغ | M45: خدمه ثنائيه (م+ا) | S45: 38750
A46: محمد مدحت محمد محمد | B46: 1989-07-01 | C46: 28907012601272 | D46: A45004120 | E46: منفذ السلوم | F46: بنغازى | G46: اتوبيس | H46: 2026-06-24 | I46: 0.41666667 | J46: اشرف السويسي | L46: بالغ | M46: خدمه ثنائيه (م+ا) | S46: 38750
A47: جريس جرجس حنين حنا | B47: 1966-05-19 | C47: 26605192401353 | D47: A44959341 | E47: منفذ السلوم | F47: بنغازى | G47: اتوبيس | H47: 2026-06-24 | I47: 0.41666667 | J47: اشرف السويسي | L47: بالغ | M47: خدمه ثنائيه (م+ا) | S47: 38750
A48: محمود خليفه محمد محمد | B48: 1991-10-01 | C48: 29110011219577 | D48: A29417176 | E48: منفذ السلوم | F48: بنغازى | G48: اتوبيس | H48: 2026-06-24 | I48: 0.41666667 | J48: اشرف السويسي | L48: بالغ | M48: خدمه ثنائيه (م+ا) | S48: 38750
A49: محمد السيد جمعه منيع المتولي | B49: 1982-01-01 | C49: 282010112333253 | D49: A40700322 | E49: مطار برج العرب | F49: بنغازى | G49: البرنيق | H49: 2026-06-24 | I49: 0.41666667 | J49: اشرف السويسي | L49: بالغ | M49: خدمه احاديه (م فقط) | S49: 18000
A50: حماده الحسينى عبد المقصود جابر حسن | B50: 1986-04-05 | C50: 28604081401318 | D50: A04456473 | E50: منفذ السلوم | F50: بنغازى | G50: اتوبيس | H50: 2026-06-24 | I50: 0.41666667 | J50: اشرف السويسي | L50: بالغ | M50: خدمه احاديه (م فقط) | S50: 18000
... A56: ناصر عبدالله فرحات عبدالكريم | B56: 1967-03-22 | C56: 26703222100151 | D56: A26674033 | E56: مطار القاهره | F56: طرابلس | G56: اير كايرو | H56: 2026-06-24 | I56: 0.52430556 | J56: اشرف السويسي | L56: بالغ | M56: خدمه ثنائيه (م+ت) | S56: 26000
A57: سفر يوم 25 يونيو
A58: ممدوح عبد الله محمد محمود | B58: 1967-02-16 | C58: 26702160101757 | D58: A44478471 | E58: مطار القاهره | F58: مصراته | G58: الافريقيه | H58: 2026-06-25 | I58: 0.75 | J58: اشرف السويسي | L58: بالغ | M58: خدمه ثنائيه (م+ت) | N58: 26000 | S58: 26000
A59: عاطف السيد احمد محمد | B59: 1978-03-24 | C59: 27803241301076 | D59: A36056219 | E59: مطار القاهره | F59: مصراته | G59: الافريقيه | H59: 2026-06-25 | I59: 0.75 | J59: اشرف السويسي | L59: بالغ | M59: خدمه ثنائيه (م+ت) | N59: 26000 | S59: 26000
A60: تسليم ليد محمد رفعت بتاريخ بتاريخ 29 يونيو | T60: 580000
A61: تسليم في الشركه بتاريخ 18 اغسطس | T61: 730000
A62: ايداع بنكي بتاريخ 18 اغسطس | B62: 1992-07-08 | C62: 29207082402031 | D62: A04195002 | E62: مطار القاهره | F62: بنغازى | G62: مصر للطيران | H62: 2026-06-24 | I62: 0.32291667 | J62: اشرف السويسي | L62: بالغ | M62: خدمه احاديه (م فقط) | S62: 18000 | T62: 60000
A63: ايداع بنكي بتاريخ 18 اغسطس | B63: 1992-07-09 | C63: 29207082402031 | D63: A04195003 | E63: مطار القاهره | F63: بنغازى | G63: مصر للطيران | H63: 2026-06-25 | I63: 0.36458333 | J63: اشرف السويسي | L63: بالغ | M63: خدمه احاديه (م فقط) | T63: 70000
A64: احمد حسن شاكر عبد السلام | B64: 1993-04-01 | C64: 29304012509853 | D64: A29365817 | E64: مطار برج العرب | F64: بنغازى | G64: الليبيه | H64: 2026-06-26 | I64: 0.041666667 | J64: اشرف السويسي | L64: بالغ | M64: خدمه ثلاثيه | S64: 43225
A65: حسن على كامل محمود | B65: 2002-01-21 | C65: 30201212500151 | D65: A43205934 | E65: مطار برج العرب | F65: بنغازى | G65: الليبيه | H65: 2026-06-26 | I65: 0.041666667 | J65: اشرف السويسي | L65: بالغ | M65: خدمه ثلاثيه | S65: 43225
A66: سيف الدين عبد العزيز عبد العزيز احمد | B66: 2004-01-01 | C66: 30401012508572 | D66: A44944291 | E66: مطار برج العرب | F66: بنغازى | G66: الليبيه | H66: 2026-06-26 | I66: 0.041666667 | J66: اشرف السويسي | L66: بالغ | M66: خدمه ثلاثيه | S66: 43225
A67: عبد الله صبرى وهبه ابراهيم العزب | B67: 1993-10-01 | C67: 29310011237311 | D67: A34945432 | E67: مطار برج العرب | F67: بنغازى | G67: الليبيه | H67: 2026-06-26 | I67: 0.041666667 | J67: اشرف السويسي | L67: بالغ | M67: خدمه ثلاثيه | S67: 43225
A68: محمد رجب امام على فرج | B68: 2008-08-11 | C68: 30808111302172 | D68: A45391559 | E68: مطار برج العرب | F68: بنغازى | G68: الليبيه | H68: 2026-06-26 | I68: 0.041666667 | J68: اشرف السويسي | L68: بالغ | M68: خدمه ثلاثيه | S68: 43225
A69: محمد عبد البارى احمد محمد | B69: 2007-06-25 | C69: 30706252601338 | D69: A45010783 | E69: مطار برج العرب | G69: الليبيه | H69: 2026-06-26 | I69: 0.041666667 | J69: اشرف السويسي | L69: بالغ | M69: خدمه ثلاثيه | S69: 43225
A70: محمود محمد بيومى عبد النعيم | B70: 1989-05-14 | C70: 28905142202294 | D70: A45010107 | E70: مطار برج العرب | F70: بنغازى | G70: الليبيه | H70: 2026-06-26 | I70: 0.041666667 | J70: اشرف السويسي | L70: بالغ | M70: خدمه ثلاثيه | S70: 43225
A71: هشام علي محمود بكر | B71: 1994-10-01 | C71: 29410012602498 | D71: A33718004 | E71: مطار برج العرب | F71: بنغازى | G71: الليبيه | H71: 2026-06-26 | I71: 0.041666667 | J71: اشرف السويسي | L71: بالغ | M71: خدمه ثلاثيه | S71: 43225
A72: هيثم ناجي احمد سيد احمد فراج | B72: 1992-09-01 | C72: 29209011507153 | D72: A43931500 | E72: مطار برج العرب | F72: بنغازى | G72: الليبيه | H72: 2026-06-26 | I72: 0.041666667 | J72: اشرف السويسي | L72: بالغ | M72: خدمه ثلاثيه | S72: 43225
A73: تسليم ليد احمد بتاريخ 1 يوليو | T73: 210000
A74: سفر يوم 28 يونيو
A75: محمود عبد الوهاب عثمان عبد الوهاب | B75: 1985-05-04 | C75: 28505041500891 | D75: A33981607 | E75: مطار برج العرب | F75: طرابلس | G75: الافريقيه | H75: 2026-06-28 | I75: 0.375 | J75: اشرف السويسي | L75: بالغ | M75: خدمه ثنائيه (م+ت) | S75: 25000
A76: محمد يوسف اصلان اصلان حسان | B76: 1991-01-22 | C76: 29101221801334 | D76: A38897915 | E76: مطار القاهره | F76: طرابلس | G76: البراق | H76: 2026-06-28 | I76: 0.375 | J76: اشرف السويسي | L76: بالغ | M76: خدمه احاديه (م فقط) | S76: 22000
A77: محمد حلمي عبدالعاطي متولي بنات | B77: 1981-02-03 | C77: 28102031501914 | D77: A44756431 | E77: مطار برج العرب | F77: طرابلس | G77: الافريقيه | H77: 2026-06-28 | I77: 0.375 | J77: اشرف السويسي | L77: بالغ | M77: خدمه ثنائيه (م+ت) | S77: 25000
A78: شفيق احمد محمد احمد بلال | B78: 1979-10-01 | C78: 27910011216437 | D78: A28429657 | E78: مطار برج العرب | F78: طرابلس | G78: الافريقيه | H78: 2026-06-28 | I78: 0.375 | J78: اشرف السويسي | L78: بالغ | M78: خدمه ثنائيه (م+ت) | S78: 25000
A79: عبد الرحيم القناوى الشربيني القناوى | B79: 1980-04-03 | C79: 28004031200394 | D79: A44800685 | E79: مطار برج العرب | F79: طرابلس | G79: الافريقيه | H79: 2026-06-28 | I79: 0.375 | J79: اشرف السويسي | L79: بالغ | M79: خدمه ثنائيه (م+ت) | S79: 25000
A80: سفر 29&30 يونيو
A81: عادل انور حسن سليمان حسن | B81: 2011-09-08 | C81: 31109082500111 | D81: A42090992 | E81: مطار القاهره | F81: طرابلس | G81: الافريقيه | H81: 2026-06-29 | I81: 0.41666667 | J81: اشرف السويسي | L81: بالغ | M81: خدمه ثنائيه (م+ت) | S81: 26000
A82: انور حسن سليمان حسن | B82: 1979-06-30 | C82: 27906302500895 | D82: A44665703 | E82: مطار القاهره | F82: طرابلس | G82: الافريقيه | H82: 2026-06-29 | I82: 0.41666667 | J82: اشرف السويسي | L82: بالغ | M82: خدمه ثنائيه (م+ت) | S82: 26000
A83: حسن على محمد مرسى | B83: 1977-01-17 | C83: 27701172600492 | D83: A45008603 | E83: مطار برج العرب | F83: طرابلس | G83: الليبيه | H83: 2026-06-29 | I83: 0.66666667 | J83: اشرف السويسي | L83: بالغ | M83: خدمه ثنائيه (م+ت) | S83: 25000
A84: محمد القط عبد الرحمن السيد | B84: 1978-08-10 | C84: 27808100104937 | D84: A45433055 | E84: مطار برج العرب | F84: طرابلس | G84: الليبيه | H84: 2026-06-29 | I84: 0.66666667 | J84: اشرف السويسي | L84: بالغ | M84: خدمه ثنائيه (م+ت) | S84: 25000
A85: حسنى محمد احمد عبد المجيد | B85: 1964-05-22 | C85: 26405222500956 | D85: A44944629 | E85: مطار برج العرب | F85: طرابلس | G85: الليبيه | H85: 2026-06-29 | I85: 0.66666667 | J85: اشرف السويسي | L85: بالغ | M85: خدمه ثنائيه (م+ت) | S85: 25000
A86: ايمن طه ابراهيم هاشم | B86: 1979-12-10 | C86: 27912102603355 | D86: A38232576 | E86: مطار برج العرب | F86: طرابلس | G86: الليبيه | H86: 2026-06-29 | I86: 0.66666667 | J86: اشرف السويسي | L86: بالغ | M86: خدمه ثنائيه (م+ت) | S86: 25000
A87: احمد عبد اللطيف محمود محمد | B87: 1998-11-01 | C87: 29811012609075 | D87: A44623131 | E87: مطار برج العرب | F87: طرابلس | G87: الليبيه | H87: 2026-06-29 | I87: 0.66666667 | J87: اشرف السويسي | L87: بالغ | M87: خدمه ثنائيه (م+ت) | S87: 25000
A88: احمد مصطفى احمد عبد الرحمن | B88: 1995-11-27 | C88: 29511272400231 | D88: A40127684 | E88: مطار القاهره | F88: بنغازى | G88: مصر للطيران | H88: 2026-06-30 | I88: 0.125 | J88: اشرف السويسي | L88: بالغ | M88: خدمه ثلاثيه | S88: 43725
A89: مصطفى خلاف خليفه محمد | B89: 1994-06-04 | C89: 29406042401272 | D89: A31409300 | E89: منفذ السلوم | F89: بنغازى | G89: اتوبيس | H89: 2026-06-30 | I89: 0.41666667 | J89: اشرف السويسي | L89: بالغ | M89: خدمه احاديه (م فقط) | S89: 18000
A90: سفر 1 يوليو
A91: ادهم محمد عزالدين السيد العشماوي | B91: 1980-01-10 | C91: 28001100105898 | D91: A34039347 | E91: منفذ السلوم | F91: بنغازى | G91: اتوبيس | H91: 2026-07-01 | I91: 0.95833333 | J91: اشرف السويسي | L91: بالغ | M91: خدمه ثنائيه (م+ا) | S91: 38750
A92: سعد حسن سعد حسن | B92: 1987-09-07 | C92: 28709071204337 | D92: A44525205 | E92: منفذ السلوم | F92: بنغازى | G92: اتوبيس | H92: 2026-07-01 | I92: 0.95833333 | J92: اشرف السويسي | L92: بالغ | M92: خدمه ثنائيه (م+ا) | S92: 38750
A93: السيد خلف محمد عبد العزيز | B93: 1979-05-24 | C93: 27905241201371 | D93: A43542723 | E93: منفذ السلوم | F93: بنغازى | G93: اتوبيس | H93: 2026-07-01 | I93: 0.95833333 | J93: اشرف السويسي | L93: بالغ | M93: خدمه ثنائيه (م+ا) | S93: 38750
A94: السعيد يسرى شحاته البنا | B94: 1997-01-13 | C94: 29701131500693 | D94: A35448505 | E94: منفذ السلوم | F94: بنغازى | G94: اتوبيس | H94: 2026-07-01 | I94: 0.95833333 | J94: اشرف السويسي | L94: بالغ | M94: خدمه ثنائيه (م+ا) | S94: 38750
